url,,original_name,match,artist_id
https://open.spotify.com/artist/4NiJW4q9ichVqL1aUsgGAN,a day to remember,A Day to remember,A Day To Remember,4NiJW4q9ichVqL1aUsgGAN
https://open.spotify.com/artist/2AVaLiEDN8eHLxEdNXpJQT,crochet,crochet,Crochet,2AVaLiEDN8eHLxEdNXpJQT
https://open.spotify.com/artist/2yT7X3Gg2S51DHz67FAYL6,snails,SNAILS,SNAILS,2yT7X3Gg2S51DHz67FAYL6
https://open.spotify.com/artist/7MqnCTCAX6SsIYYdJCQj9B,pendulum,Pendulum,Pendulum,7MqnCTCAX6SsIYYdJCQj9B
https://open.spotify.com/artist/5jgPXOwnAnNoqfyx0tME7l,rob sigurd,Rob Sigurd,Rob Sigurd,5jgPXOwnAnNoqfyx0tME7l
https://open.spotify.com/artist/3Rxlvk9NvsPJZGsZV3e67c,a separate piece,A Separate Piece,A Separate Piece,3Rxlvk9NvsPJZGsZV3e67c
https://open.spotify.com/artist/3mlE2Eo2gFTH0WrqIumPbG,damage over time,Damage Over Time,Damage Over Time,3mlE2Eo2gFTH0WrqIumPbG
https://open.spotify.com/artist/3OcGXD589qXemvOS3EEKXw,inception of fall,Inception of Fall,Inception of Fall,3OcGXD589qXemvOS3EEKXw
https://open.spotify.com/artist/5H05MCDoyX0JRO9hDJXbId,grind gang,Grind Gang,Grind Gang,5H05MCDoyX0JRO9hDJXbId
https://open.spotify.com/artist/4iJmMsVaUW6WZu1qUvcv9k,demeted,Demeted,Demeted,4iJmMsVaUW6WZu1qUvcv9k
https://open.spotify.com/artist/3QFfYJq7jdx8GnVrePpZm4,greywind,Greywind,Greywind,3QFfYJq7jdx8GnVrePpZm4
https://open.spotify.com/artist/3j3Ke0DPx6r3Te1oISEzaF,coagulating,Coagulating,Coagulating,3j3Ke0DPx6r3Te1oISEzaF
https://open.spotify.com/artist/4c4iMyDE37aiJDXOXdSSjN,audiosvora,Audiosvora,Audiosvora,4c4iMyDE37aiJDXOXdSSjN
https://open.spotify.com/artist/7aT5jcNtxAhoZXjOgXBudG,castiel,Castiel,Castiel,7aT5jcNtxAhoZXjOgXBudG
https://open.spotify.com/artist/25xya1HMsF8Y6cQrMfAmME,abated mass of flesh,Abated Mass Of Flesh,Abated Mass Of Flesh,25xya1HMsF8Y6cQrMfAmME
https://open.spotify.com/artist/6A7uxd2a7b2PhPXx6GD7hR,shallow dissent,Shallow Dissent,Shallow Dissent,6A7uxd2a7b2PhPXx6GD7hR
https://open.spotify.com/artist/4wLNwOLv2VRH88SncD9yD5,existentialist,Existentialist,Existentialist,4wLNwOLv2VRH88SncD9yD5
https://open.spotify.com/artist/7Gv9v2IMqDwzQPhx2ZkJHS,wounded masquerade,Wounded Masquerade,Wounded Masquerade,7Gv9v2IMqDwzQPhx2ZkJHS
https://open.spotify.com/artist/70sEsN5hAp8TT8oBEqaknu,satanic tea co,Satanic Tea Co,Satanic Tea Co,70sEsN5hAp8TT8oBEqaknu
https://open.spotify.com/artist/5JKlu3Rov4jP330qFXO1K2,weltenbrand,Weltenbrand,Weltenbrand,5JKlu3Rov4jP330qFXO1K2
https://open.spotify.com/artist/7Atp614yT56v9XrlqZryzX,as december falls,As December Falls,As December Falls,7Atp614yT56v9XrlqZryzX
https://open.spotify.com/artist/04bY1Dfz2i4lQXmaEuPziP,when plagues collide,When Plagues Collide,When Plagues Collide,04bY1Dfz2i4lQXmaEuPziP
https://open.spotify.com/artist/62mm8csnxeh1rBGa9fBrRX,maiasaura,MAIASAURA,MAIASAURA,62mm8csnxeh1rBGa9fBrRX
https://open.spotify.com/artist/0Cor5wxhCtEuSz85zFb9qY,imha tarikat,Imha Tarikat,Imha Tarikat,0Cor5wxhCtEuSz85zFb9qY
https://open.spotify.com/artist/6a3hxIvsLj74GWFSWRDfEf,peepeepoopooballsectomy,Peepeepoopooballsectomy,Peepeepoopooballsectomy,6a3hxIvsLj74GWFSWRDfEf
https://open.spotify.com/artist/2Mjd1NkuklsoH66StKZaVo,wocket launcher,Wocket Launcher,Wocket Launcher,2Mjd1NkuklsoH66StKZaVo
https://open.spotify.com/artist/0QlVbfZTx8ex7cutyyUl3H,electron,Electron,Electron,3xYNGCooNIzKMAtJYKSOyq
https://open.spotify.com/artist/1pwkOqY72tFaGnjdnRU7gv,dessiderium,Dessiderium,Dessiderium,1pwkOqY72tFaGnjdnRU7gv
https://open.spotify.com/artist/3EI7GXHgQNi22AQcPpcyjJ,raging sea,Raging Sea,Raging Sea,3EI7GXHgQNi22AQcPpcyjJ
https://open.spotify.com/artist/2awGW9UcWt2B4YBTaZ0FFp,carnivxrous,CARNIVXROUS,CARNIVXROUS,2awGW9UcWt2B4YBTaZ0FFp
https://open.spotify.com/artist/6SN2lBX5sn8lNdd0rRiLEK,violent answer,Violent Answer,Violent Answer,6SN2lBX5sn8lNdd0rRiLEK
https://open.spotify.com/artist/31D2V0AjbXUc2AV7mi9CDl,embers uk,Embers UK,Embers UK,31D2V0AjbXUc2AV7mi9CDl
https://open.spotify.com/artist/4yuJosmMF0fybouOWVJeME,von sexto,Von Sexto,Von Sexto,4yuJosmMF0fybouOWVJeME
https://open.spotify.com/artist/4fzHMaix3x1KZPqy446wdD,killing floor 3,Killing Floor 3,Killing Floor 3,4fzHMaix3x1KZPqy446wdD
https://open.spotify.com/artist/4Wtl55fm6rIsJ3db1o7HGg,provenance,Provenance,Provenance,4Wtl55fm6rIsJ3db1o7HGg
https://open.spotify.com/artist/2c1uH1emx3CCrijqUoPoid,wulkanaz,Wulkanaz,Wulkanaz,2c1uH1emx3CCrijqUoPoid
https://open.spotify.com/artist/5Aa9MZcjlFt2UbAlpyqTJn,celestial scourge,Celestial Scourge,Celestial Scourge,5Aa9MZcjlFt2UbAlpyqTJn
https://open.spotify.com/artist/0hBm2QYhidDmnMFoQ7Vchw,save your last breath,Save Your Last Breath,Save Your Last Breath,0hBm2QYhidDmnMFoQ7Vchw
https://open.spotify.com/artist/2IeMt1qx6ZVt1HFjdfE5tl,jonathan young,Jonathan Young,Jonathan Young,2IeMt1qx6ZVt1HFjdfE5tl
https://open.spotify.com/artist/3HRG5OLEQQCf2IllFCnmpa,error,Error,Error,0H0fZAyMbBJIOPfjK2BxZx
https://open.spotify.com/artist/1GkLRi7GvBTJVbmrMLiFFA,brick by brick,Brick By Brick,Brick By Brick,1GkLRi7GvBTJVbmrMLiFFA
https://open.spotify.com/artist/4WTDF62U6F1BeXXYujM3BS,lyrica,Lyrica,Lyrica,3VrGfWE8YdYMK4ySpnE0ly
https://open.spotify.com/artist/19h9bDwuAaZO8HAUdWhnIY,hypermass,Hypermass,Hypermass,19h9bDwuAaZO8HAUdWhnIY
https://open.spotify.com/artist/2OgKPh1xCLvA9C8CXfFABo,lunity,Lunity,Lunity,2OgKPh1xCLvA9C8CXfFABo
https://open.spotify.com/artist/10QeC2Z1BJ2nywykFZZ5JX,dawn of ouroboros,Dawn of Ouroboros,Dawn of Ouroboros,10QeC2Z1BJ2nywykFZZ5JX
https://open.spotify.com/artist/3edyeCg5jIBvWBZm0Y5syB,sid white,Sid White,Sid White,3edyeCg5jIBvWBZm0Y5syB
https://open.spotify.com/artist/2o5Ka0pGAjCqwrjWXkCXhl,alphasix,AlphaSix,AlphaSix,2o5Ka0pGAjCqwrjWXkCXhl
https://open.spotify.com/artist/2l2og3NR71roKrKxdRoODx,restricted us,Restricted US,Restricted US,2l2og3NR71roKrKxdRoODx
https://open.spotify.com/artist/5OHs983geoRmnuuRVfB2XQ,black spikes,Black Spikes,Black Spikes,5OHs983geoRmnuuRVfB2XQ
https://open.spotify.com/artist/0oV9ljsbczX4uZts45Gvmt,just dust,Just Dust,Just Dust,0oV9ljsbczX4uZts45Gvmt
https://open.spotify.com/artist/6v1GGy8FLTyKI1KlKN1lMD,oinkliteration,Oinkliteration,Oinkliteration,6v1GGy8FLTyKI1KlKN1lMD
https://open.spotify.com/artist/72IXBWh7gzDssxkNjOpnLx,kin beneath chorus,Kin Beneath Chorus,Kin Beneath Chorus,72IXBWh7gzDssxkNjOpnLx
https://open.spotify.com/artist/7Ifvnt1HhJ0b1QwOxLAu2s,tzusing,Tzusing,Tzusing,7Ifvnt1HhJ0b1QwOxLAu2s
https://open.spotify.com/artist/1ynPv8NCp4kCQR24UQZ98B,fayence dream,Fayence Dream,Fayence Dream,1ynPv8NCp4kCQR24UQZ98B
https://open.spotify.com/artist/68oBwjIPa7c33gpvSwVUXf,hvste,HVSTE,HVSTE,68oBwjIPa7c33gpvSwVUXf
https://open.spotify.com/artist/5e0tDxxIzCiqscNL5FXtp4,return to glory,Return to Glory,Return to Glory,5e0tDxxIzCiqscNL5FXtp4
https://open.spotify.com/artist/6sSvlAu7Q8NDcNkn3C0TvZ,walg,Walg,Walg,6sSvlAu7Q8NDcNkn3C0TvZ
https://open.spotify.com/artist/1BErAfRIE2RyEfcgiUdLmw,sepulchral curse,Sepulchral Curse,Sepulchral Curse,1BErAfRIE2RyEfcgiUdLmw
https://open.spotify.com/artist/48XnAkszrQbCOtnvArQ4uC,xstitch,Xstitch,Xstitch,48XnAkszrQbCOtnvArQ4uC
https://open.spotify.com/artist/1FklvdgEAAOBSuwd9jSOjw,into the vein,Into The Vein,Into The Vein,1FklvdgEAAOBSuwd9jSOjw
https://open.spotify.com/artist/2YBt8POPqmR4f6chqIUlU6,his kingdom suffers,His Kingdom Suffers,His Kingdom Suffers,2YBt8POPqmR4f6chqIUlU6
https://open.spotify.com/artist/5KUZ4eeP7XRnXNOPf64jyP,horns,Horns,Horns,2kfsTSmYcCZa0UXjpRi6Ow
https://open.spotify.com/artist/6xVKy3vtmK37fIthk9ic3o,basterds,Basterds,Basterds,6xVKy3vtmK37fIthk9ic3o
http://open.spotify.com/artist/7oqi2LqmRQJ9rtj52YgIlK,arkÃ¡ngel,Ark‡ngel,Ark‡ngel,7oqi2LqmRQJ9rtj52YgIlK
https://open.spotify.com/artist/5IXqeHYM84k26hwnTNDuZS,torn from oblivion,Torn From Oblivion,Torn From Oblivion,5IXqeHYM84k26hwnTNDuZS
https://open.spotify.com/artist/0h8HY1OBhsozbbh0xU7LXQ,absurd,Absurd,absurd,0h8HY1OBhsozbbh0xU7LXQ
https://open.spotify.com/artist/76CrlDiJhyYdZLzTx8oY0A,pillars of autumn,Pillars of Autumn,Pillars of Autumn,76CrlDiJhyYdZLzTx8oY0A
https://open.spotify.com/artist/1LphWUG3zLcpwC584C32qG,trvsh,TRVSH,TRVSH,1LphWUG3zLcpwC584C32qG
https://open.spotify.com/artist/1bKGtFzWufI86OePH3yvzC,draven,Draven,Draven,7vZ5ihO2B5uR2cvEO7CWSt
https://open.spotify.com/artist/4gpTYzob3EKSOBMUvB5iOq,fracture,FRACTURE,FRACTURE,7sjRnhONmeFL1tmlUvdq70
https://open.spotify.com/artist/3JnHTeBoA42hEQtEpScYt2,mirabi frame,Mirabi Frame,Mirabi Frame,3JnHTeBoA42hEQtEpScYt2
https://open.spotify.com/artist/0fBVXSuBO4MlVPMmugfW7L,retromorphosis,Retromorphosis,Retromorphosis,0fBVXSuBO4MlVPMmugfW7L
https://open.spotify.com/artist/0yvTRHK90NHy9NI4RhEEYS,nathan james,Nathan James,Nathan James,0yvTRHK90NHy9NI4RhEEYS
https://open.spotify.com/artist/4eWXxCQ177IPhc5P56RieY,voidfallen,Voidfallen,Voidfallen,4eWXxCQ177IPhc5P56RieY
https://open.spotify.com/artist/2eZVzpqC41qs4cq7Ku0mTM,nerveless,Nerveless,Nerveless,2eZVzpqC41qs4cq7Ku0mTM
https://open.spotify.com/artist/5owshUGXR3vxuTQqfo28Q8,sinizter,Sinizter,Sinizter,5owshUGXR3vxuTQqfo28Q8
https://open.spotify.com/artist/0V9iSPRTE4WRgXZ6DPZAsC,imperishable,Imperishable,Imperishable,0V9iSPRTE4WRgXZ6DPZAsC
https://open.spotify.com/artist/5zsg4P6lTHHjQwTCzn74sX,maestrick,Maestrick,Maestrick,5zsg4P6lTHHjQwTCzn74sX
https://open.spotify.com/artist/1ZYRTJCj869ya07OpEAlGR,unreqvited,Unreqvited,Unreqvited,1ZYRTJCj869ya07OpEAlGR
https://open.spotify.com/artist/468QswTCDtVjx5eHSrs4Q9,halt or i'll shoot!,Halt Or I'll Shoot!,Halt Or I'll Shoot!,468QswTCDtVjx5eHSrs4Q9
https://open.spotify.com/artist/17qWFTTFR8C0jlnVo1r2zv,flaccid genitals,Flaccid Genitals,Flaccid Genitals,17qWFTTFR8C0jlnVo1r2zv
https://open.spotify.com/artist/1KGfgZyUDfSuE1hPToBbo6,pure hate,Pure Hate,Pure Hate,1KGfgZyUDfSuE1hPToBbo6
https://open.spotify.com/artist/5SMXhyH6Z377dagl3oh8cq,open kasket,Open Kasket,Open Kasket,5SMXhyH6Z377dagl3oh8cq
https://open.spotify.com/artist/54v7BpwM187QiAXvivhqqB,descarnado,Descarnado,Descarnado,54v7BpwM187QiAXvivhqqB
https://open.spotify.com/artist/5qjpZpwuGtOkwajRLirQpK,staticlone,Staticlone,Staticlone,5qjpZpwuGtOkwajRLirQpK
https://open.spotify.com/artist/4VxcDWS0jI6ATP6mMKvuYz,pathogenic,Pathogenic,Pathogenic,4VxcDWS0jI6ATP6mMKvuYz
https://open.spotify.com/artist/1wCbLCKRVkWAmC9wNWEAbd,mutagenic host,Mutagenic Host,Mutagenic Host,1wCbLCKRVkWAmC9wNWEAbd
https://open.spotify.com/artist/7jBfzxUkrHRmy6EezZuegA,ex deo,Ex Deo,Ex Deo,7jBfzxUkrHRmy6EezZuegA
https://open.spotify.com/artist/5sonzPrYbTzF9ehyQaBKkj,inimical drive,Inimical Drive,Inimical Drive,5sonzPrYbTzF9ehyQaBKkj
https://open.spotify.com/artist/4SHtvWSnrLeO9L14XKyvax,dark watch,Dark Watch,Dark Watch,4SHtvWSnrLeO9L14XKyvax
https://open.spotify.com/artist/54Ue9wxRtRQFYcys8fe3ZV,sakura,SAKURA,SAKURA,54Ue9wxRtRQFYcys8fe3ZV
https://open.spotify.com/artist/1pCwQLcfOgQLaYAGWYr9dA,violent end,Violent End,Violent End,1pCwQLcfOgQLaYAGWYr9dA
https://open.spotify.com/artist/3Z5dr3yRC0mbwGzkGoCYyx,znous,Znous,Znous,3Z5dr3yRC0mbwGzkGoCYyx
https://open.spotify.com/artist/6PZf7Al3nmgU0lJPThIodm,denouement.,Denouement.,Denouement.,6PZf7Al3nmgU0lJPThIodm
https://open.spotify.com/artist/3OQSGtX8rYSbFIe4x3fDif,shell shock,Shell Shock,Shell Shock,3OQSGtX8rYSbFIe4x3fDif
https://open.spotify.com/artist/5Ck7nbwgyYJubl5wxBW4ML,livealie,Livealie,Livealie,5Ck7nbwgyYJubl5wxBW4ML
https://open.spotify.com/artist/1evFjl4E6CgPNPjSpN2wzA,the defect,THE DEFECT,THE DEFECT,1evFjl4E6CgPNPjSpN2wzA
https://open.spotify.com/artist/6J5BtB2LbBfRFl91rOoXEB,the rising tide,The Rising Tide,The Rising Tide,6J5BtB2LbBfRFl91rOoXEB
https://open.spotify.com/artist/24ayf6ObGs5kWru2VHRCjv,scalpture,Scalpture,Scalpture,24ayf6ObGs5kWru2VHRCjv
https://open.spotify.com/artist/1yyUMz5WuuZyvk6RBImpmy,the deserted,The Deserted,The Deserted,2XEFLskbiLeELMMDp1tHmS
https://open.spotify.com/artist/2VCRd5F9I0nurK4HrSpVM2,love like enemies,Love Like Enemies,Love Like Enemies,2VCRd5F9I0nurK4HrSpVM2
https://open.spotify.com/artist/0W4hHxZwuN3dO56O1znI5t,bvck bend,BVCK BEND,BVCK BEND,0W4hHxZwuN3dO56O1znI5t
https://open.spotify.com/artist/0cwfo8JiV8J4Wf8x3rRtvq,dread,Dread,Dread,1aw0Cdl1DIrtUrUA6fGbAR
https://open.spotify.com/artist/5jr6VoNOOlDmUlQ8gW3YUL,planetary ghost,Planetary Ghost,Planetary Ghost,5jr6VoNOOlDmUlQ8gW3YUL
https://open.spotify.com/artist/3nQmlRVL7cS39AJV0SQCbL,batch89,Batch89,Batch89,3nQmlRVL7cS39AJV0SQCbL
https://open.spotify.com/artist/51BY42XevaEOKMfWcCgdFT,6 weapons,6 Weapons,6 Weapons,51BY42XevaEOKMfWcCgdFT
https://open.spotify.com/artist/7BFFCrMT0jUIZ29H6BTys2,aggressive raisin cat,Aggressive Raisin Cat,Aggressive Raisin Cat,7BFFCrMT0jUIZ29H6BTys2
https://open.spotify.com/artist/3iIwFstdYwT1mrPgNqTUVY,zemeth,Zemeth,Zemeth,3iIwFstdYwT1mrPgNqTUVY
https://open.spotify.com/artist/2xx1Fyt9ffNw36ragh8pBa,jose halftime,Jose Halftime,Jose Halftime,2xx1Fyt9ffNw36ragh8pBa
https://open.spotify.com/artist/2mIEOoqSOsMIZ6UL0YJT2e,phase.shift.,phase.shift.,phase.shift.,2mIEOoqSOsMIZ6UL0YJT2e
https://open.spotify.com/artist/02piNXeV8PA31G3d6UIKxW,cuntfull of concrete,CuntFull Of Concrete,CuntFull Of Concrete,02piNXeV8PA31G3d6UIKxW
https://open.spotify.com/artist/7kOvNG3K2fMnXB81TEd13R,worm infested,Worm Infested,Worm Infested,7kOvNG3K2fMnXB81TEd13R
https://open.spotify.com/artist/679GLOGOMxdgbi7BBKMogd,blindwolf,blindwolf,blindwolf,679GLOGOMxdgbi7BBKMogd
https://open.spotify.com/artist/0D8H7XwaPa1sHEEeRzbnSX,stenched,Stenched,Stenched,0D8H7XwaPa1sHEEeRzbnSX
https://open.spotify.com/artist/2cfQgCM5u6Iu88qqbUAyN7,roju,Roju,Roju,04mTej6RpWzBxGwhfThpIi
https://open.spotify.com/artist/30ZFCxaQeisDgihIZyjOlj,the gates of slumber,The Gates Of Slumber,The Gates Of Slumber,30ZFCxaQeisDgihIZyjOlj
https://open.spotify.com/artist/1MRpS03w7O7TTpGLCmhSMp,otis vcr,OTIS VCR,OTIS VCR,1MRpS03w7O7TTpGLCmhSMp
https://open.spotify.com/artist/6zUpMgFggd8OpP4tVFIBFZ,lord agheros,Lord Agheros,Lord Agheros,6zUpMgFggd8OpP4tVFIBFZ
https://open.spotify.com/artist/40OMuh0Xg1qdN2JKxJj5Mr,exuvial,Exuvial,Exuvial,40OMuh0Xg1qdN2JKxJj5Mr
https://open.spotify.com/artist/3eLYDi1Rzl0Y9UPJkFFpKG,terrorpy,Terrorpy,Terrorpy,3eLYDi1Rzl0Y9UPJkFFpKG
https://open.spotify.com/artist/0fk7EeoMrQyBltSnppBQys,of grace,Of Grace,Of Grace,0fk7EeoMrQyBltSnppBQys
https://open.spotify.com/artist/6uonq4XdmX0uUXGGm9aMld,product of neglect,Product of Neglect,Product of Neglect,6uonq4XdmX0uUXGGm9aMld
https://open.spotify.com/artist/1xEZGiPVtcmWnG5tebWqDM,turnpike,Turnpike,Turnpike,1YSA4byX5AL1zoTsSTlB03
https://open.spotify.com/artist/7kIjHc6jSwTdfG49g2VMN9,vapid soul,Vapid Soul,Vapid Soul,7kIjHc6jSwTdfG49g2VMN9
https://open.spotify.com/artist/5adJCDS7L4dPycqJlZZkvM,thin the herd,Thin the Herd,Thin the Herd,5adJCDS7L4dPycqJlZZkvM
https://open.spotify.com/artist/0puezjXXjBMC6owBhBMke0,signals,SIGNALS,Signals,16AdioxYOukoGrCeLV9QGF
https://open.spotify.com/artist/2XvjzM97hdxo1Bd5GoydUY,bimopd,Bimopd,Bimopd,2XvjzM97hdxo1Bd5GoydUY
https://open.spotify.com/artist/4ihicgHjO5lvqOWoCvNSQI,czort,Czort,Czort,4ihicgHjO5lvqOWoCvNSQI
https://open.spotify.com/artist/28PjS3NGOb3SF6lkXQjagb,crimson thorn,Crimson Thorn,Crimson Thorn,28PjS3NGOb3SF6lkXQjagb
https://open.spotify.com/artist/3yrxaVCuqAeYk2ICB5XshG,winter's gate,Winter's Gate,Winter's Gate,3yrxaVCuqAeYk2ICB5XshG
https://open.spotify.com/artist/3lPSkTq1kiSuxDcr996Nlm,killboy,KILLBOY,KILLBOY,3lPSkTq1kiSuxDcr996Nlm
https://open.spotify.com/artist/3J3negcFx75yXuXLF3NaEn,lazygod,LazyGod,LazyGod,3J3negcFx75yXuXLF3NaEn
https://open.spotify.com/artist/4NzlVVIKbkYRkp8hr6toEi,the words we use,The Words We Use,The Words We Use,4NzlVVIKbkYRkp8hr6toEi
https://open.spotify.com/artist/35BsDVEPHGqz4fPhlRJHB1,mononc' serge,Mononc' Serge,Mononc' Serge,35BsDVEPHGqz4fPhlRJHB1
https://open.spotify.com/artist/3VWtc8vkXd485dITC0fiUn,oklahoma blood,Oklahoma Blood,Oklahoma Blood,3VWtc8vkXd485dITC0fiUn
https://open.spotify.com/artist/0Z89pkvtCeYDMqnprmJHDJ,symphony of heaven,Symphony of Heaven,Symphony of Heaven,0Z89pkvtCeYDMqnprmJHDJ
https://open.spotify.com/artist/6Rk30A2PW7XUsu6HWApql5,into nothing,Into Nothing,Into Nothing,2KnXs7VOvfp1D0GZPz58xT
https://open.spotify.com/artist/3EON09HWo5VbmyRZBh39q7,eyesawgod,Eyesawgod,Eyesawgod,3EON09HWo5VbmyRZBh39q7
https://open.spotify.com/artist/16wnsPfzB98xYLLSJLPh3e,haggus,Haggus,Haggus,16wnsPfzB98xYLLSJLPh3e
https://open.spotify.com/artist/4jPzFlLY7SSkYi6LpEGtlN,officer down,Officer Down,Officer Down,4jPzFlLY7SSkYi6LpEGtlN
https://open.spotify.com/artist/5I8Ea6B50cE6NR6HL6BHa6,sick solution,Sick Solution,Sick Solution,5I8Ea6B50cE6NR6HL6BHa6
https://open.spotify.com/artist/02jaI5XYUmrDbYrk7I0W02,admire the grim,Admire the Grim,Admire the Grim,02jaI5XYUmrDbYrk7I0W02
https://open.spotify.com/artist/4QWhRZYvNeYXSBkfW9hCap,nouri yetgin,Nouri Yetgin,Nouri Yetgin,4QWhRZYvNeYXSBkfW9hCap
https://open.spotify.com/artist/54e41DCKjcJiMGf3D4mH6L,tracheotomy,Tracheotomy,Tracheotomy,54e41DCKjcJiMGf3D4mH6L
https://open.spotify.com/artist/653R6cmT8tA6ba0IJ4ZsgN,ziplock,ZIPLOCK,ZIPLOCK,653R6cmT8tA6ba0IJ4ZsgN
https://open.spotify.com/artist/6mPXPuAm0BOiXPbvqUveqC,greens on toast,Greens On Toast,Greens On Toast,6mPXPuAm0BOiXPbvqUveqC
https://open.spotify.com/artist/7gfEb4adETwNZgWLUlcHQy,krosis,Krosis,Krosis,7gfEb4adETwNZgWLUlcHQy
https://open.spotify.com/artist/7n7ZqJDzdKrZul0UjAWUhC,expellow,Expellow,Expellow,7n7ZqJDzdKrZul0UjAWUhC
https://open.spotify.com/artist/5PQ6Mx3EaC75kwZq0P9JK5,heartless fendi,Heartless Fendi,Heartless Fendi,5PQ6Mx3EaC75kwZq0P9JK5
https://open.spotify.com/artist/3JSA46GzPRMj9nev5VqSEg,andy strider,Andy Strider,Andy Strider,3JSA46GzPRMj9nev5VqSEg
https://open.spotify.com/artist/4C4RlxUxFJDNAtJRRyIsBK,actus reus,Actus Reus,Actus Reus,4C4RlxUxFJDNAtJRRyIsBK
https://open.spotify.com/artist/45RPXUbkBXzBcGJwfQQ044,faceless enemy,Faceless Enemy,Faceless Enemy,45RPXUbkBXzBcGJwfQQ044
https://open.spotify.com/artist/14WeLfhJinpzcn2uzwW1fC,harbored dreams,Harbored Dreams,Harbored Dreams,14WeLfhJinpzcn2uzwW1fC
https://open.spotify.com/artist/2d4CFhAXVh0fjoZnRMB9Rz,scavenger's daughter,Scavenger's Daughter,Scavenger's Daughter,2d4CFhAXVh0fjoZnRMB9Rz
https://open.spotify.com/artist/3mcu8G0HBrlj0zlmvAjEwt,ingurgitating oblivion,Ingurgitating Oblivion,Ingurgitating Oblivion,3mcu8G0HBrlj0zlmvAjEwt
https://open.spotify.com/artist/4XZ71fL4sNKh4tCSdqxgNQ,never.dc,Never.dc,Never.dc,4XZ71fL4sNKh4tCSdqxgNQ
https://open.spotify.com/artist/3myXeA61vpk5Rm2ReaipNL,floscule,Floscule,Floscule,3myXeA61vpk5Rm2ReaipNL
https://open.spotify.com/artist/15BMlJVtfIePlmiPbWA0bV,monumentum damnati,Monumentum Damnati,Monumentum Damnati,15BMlJVtfIePlmiPbWA0bV
https://open.spotify.com/artist/5AOm8VP68OyRJkqBp8qJfb,counter attack id,Counter Attack ID,Counter Attack ID,5AOm8VP68OyRJkqBp8qJfb
https://open.spotify.com/artist/5BNj63TsPEbWkguDIbQJF4,scalp scrape,Scalp Scrape,Scalp Scrape,5BNj63TsPEbWkguDIbQJF4
https://open.spotify.com/artist/5lHk90ZAT3LJEgFCRVAiom,lament ov lilith,Lament Ov Lilith,Lament Ov Lilith,5lHk90ZAT3LJEgFCRVAiom
https://open.spotify.com/artist/1ZcfyGwv6tsXg5mrxbQ3Oa,chaos must bow,Chaos Must Bow,Chaos Must Bow,1ZcfyGwv6tsXg5mrxbQ3Oa
https://open.spotify.com/artist/6PXfBBOkykTOPWoiURXBIl,dezert,DEZERT,DEZERT,0h2eYJXbXb0n9hBf3NgfGh
https://open.spotify.com/artist/6MYn2A1crz0GWAqp2Ctyxj,may forth,May Forth,May Forth,6MYn2A1crz0GWAqp2Ctyxj
https://open.spotify.com/artist/0N2zUjBNKcrKhtpkpjvJi7,hell let loose,Hell Let Loose,Hell Let Loose,0N2zUjBNKcrKhtpkpjvJi7
https://open.spotify.com/artist/09KXghiszxu6gx1nxwufLm,beastplague,Beastplague,Beastplague,09KXghiszxu6gx1nxwufLm
https://open.spotify.com/artist/0EEhMPSek1fEqWlXbNZB8X,a ghost of flare,A Ghost Of Flare,A Ghost Of Flare,0EEhMPSek1fEqWlXbNZB8X
https://open.spotify.com/artist/0ETqTTpMXgqLvMoe9gemNa,von spriggan,Von Spriggan,Von Spriggan,0ETqTTpMXgqLvMoe9gemNa
https://open.spotify.com/artist/6FZ2uzntEihvFpuxVv7i8r,snake father,Snake Father,Snake Father,6FZ2uzntEihvFpuxVv7i8r
https://open.spotify.com/artist/6JChzL9HQEspINhiTqSURd,chained saint,Chained Saint,Chained Saint,6JChzL9HQEspINhiTqSURd
https://open.spotify.com/artist/21y70tZeaitnjtvs52wjBk,submerged,Submerged,Submerged,21y70tZeaitnjtvs52wjBk
https://open.spotify.com/artist/6PbcjTLZkr6q5QN1pFjP7n,shallow rising,Shallow Rising,Shallow Rising,6PbcjTLZkr6q5QN1pFjP7n
https://open.spotify.com/artist/1hQiBauFKkGx5m9togUnyc,thousand frames,Thousand Frames,Thousand Frames,1hQiBauFKkGx5m9togUnyc
https://open.spotify.com/artist/10jLinCe6zTTr0ZpSIsx96,terminal nation,Terminal Nation,Terminal Nation,10jLinCe6zTTr0ZpSIsx96
https://open.spotify.com/artist/67BCUCn0nfMCbH7OnLX9AY,bite,Bite,Bite,1vjaaSHq0FXHmhFFFE8LNZ
https://open.spotify.com/artist/00kpcbLxSOI9ALtmd5ECmD,apple sauce,Apple Sauce,Apple Sauce,00kpcbLxSOI9ALtmd5ECmD
https://open.spotify.com/artist/01YA5RJJO1Ws9LwIHfuqwu,funeral massacre,Funeral Massacre,Funeral Massacre,01YA5RJJO1Ws9LwIHfuqwu
https://open.spotify.com/artist/7HcjufqXrBlYl8uCI1ep5X,larval therapy,larval therapy,larval therapy,7HcjufqXrBlYl8uCI1ep5X
https://open.spotify.com/artist/190tXONoWX8WcoveP8RuLL,backbite,Backbite,Backbite,190tXONoWX8WcoveP8RuLL
https://open.spotify.com/artist/2bMka4KrZKGERc3Q9W3Emb,disheveled convolution,Disheveled Convolution,Disheveled Convolution,2bMka4KrZKGERc3Q9W3Emb
https://open.spotify.com/artist/6ymyFsvAhvTJTgOqlFaiGb,fentanyl,Fentanyl,Fentanyl,6ymyFsvAhvTJTgOqlFaiGb
https://open.spotify.com/artist/2YRlVXEAqt4qTqOeuV2mmI,second wind,Second Wind,Second Wind,009sQb2gmQt4P91PXgCRP3
https://open.spotify.com/artist/6xlw9V9noTEe067ylMvZDe,carnophage,Carnophage,Carnophage,6xlw9V9noTEe067ylMvZDe
https://open.spotify.com/artist/17154CPb5q6AGb9i7XhtTK,blightfeeder,Blightfeeder,Blightfeeder,17154CPb5q6AGb9i7XhtTK
https://open.spotify.com/artist/2j5PYmTl8wzlrYaUNLSkdY,the delirium effect,The Delirium Effect,The Delirium Effect,2j5PYmTl8wzlrYaUNLSkdY
https://open.spotify.com/artist/2s5wWlq89QJWGwnpw0fLdI,ruins of perception,Ruins of Perception,Ruins of Perception,2s5wWlq89QJWGwnpw0fLdI
https://open.spotify.com/artist/27sOHU1c3NaMHTtN5vEVMv,hate within,Hate Within,Hate Within,27sOHU1c3NaMHTtN5vEVMv
https://open.spotify.com/artist/2MyiPOWW8jtDSMvsTvOxa7,bongabonga,bongabonga,bongabonga,2MyiPOWW8jtDSMvsTvOxa7
https://open.spotify.com/artist/1ONdGJ5AhScj7Zdw9klJFH,starve,Starve,Starve,1ONdGJ5AhScj7Zdw9klJFH
https://open.spotify.com/artist/4Df1zNZGDKIjtowGL6ABMV,garden of serpents,Garden Of Serpents,Garden Of Serpents,4Df1zNZGDKIjtowGL6ABMV
https://open.spotify.com/artist/3hQht5zRNwzv6eHftPGozr,our martyred lady,Our Martyred Lady,Our Martyred Lady,3hQht5zRNwzv6eHftPGozr
https://open.spotify.com/artist/51oYQ3ekwc7sexxQPIP03j,madmans esprit,Madmans Esprit,Madmans Esprit,51oYQ3ekwc7sexxQPIP03j
https://open.spotify.com/artist/4qfVotME69mQnnQC6yrnYK,simulation defect,Simulation Defect,Simulation Defect,4qfVotME69mQnnQC6yrnYK
https://open.spotify.com/artist/2q1TGIlGwiovxBDVWkJtUb,sellasouls,Sellasouls,Sellasouls,2q1TGIlGwiovxBDVWkJtUb
https://open.spotify.com/artist/2qz1eX9r3clZayvz003JL2,sensory amusia,Sensory Amusia,Sensory Amusia,2qz1eX9r3clZayvz003JL2
https://open.spotify.com/artist/0cD96GFyKaDX2LdpHpyT7d,lola,LOLA,LOLA,67FB4n52MgexGQIG8s0yUH
https://open.spotify.com/artist/66zh3ftuN85voLKArarSEF,complexant,Complexant,Complexant,66zh3ftuN85voLKArarSEF
https://open.spotify.com/artist/6xXxjJWRStk7C6hteitGN1,shores of lunacy,Shores Of Lunacy,Shores Of Lunacy,6xXxjJWRStk7C6hteitGN1
https://open.spotify.com/artist/4KaM55wyd809Mc3vyRhf4i,malora,Malora,Malora,4KaM55wyd809Mc3vyRhf4i
https://open.spotify.com/artist/2FsviknS2HFnHdUeb280M0,vi below,VI BELOW,VI BELOW,2FsviknS2HFnHdUeb280M0
https://open.spotify.com/artist/6geSKTmcSkqTrtuRNFDmqy,inarius,Inarius,Inarius,6geSKTmcSkqTrtuRNFDmqy
https://open.spotify.com/artist/4GRDzafwEDYU1CKaFPuyOb,miserere,Miserere,Miserere,2L7RaHwfVU6ge64IJF8GO5
https://open.spotify.com/artist/6FfjnGXMhxSsJTuGLWBDth,health,HEALTH,HEALTH,6FfjnGXMhxSsJTuGLWBDth
https://open.spotify.com/artist/4IDZ5Gns63zEpUywI3cdeK,among you,Among You,Among You,6Qz02nt4isR0wEYnXVn0Ox
https://open.spotify.com/artist/4qEknlaZ97LKwYdi3fnOoa,scabbed,Scabbed,Scabbed,4qEknlaZ97LKwYdi3fnOoa
https://open.spotify.com/artist/4mGy4EZOimbOTHmAxEjGdJ,six shots in dallas,Six Shots in Dallas,Six Shots in Dallas,4mGy4EZOimbOTHmAxEjGdJ
https://open.spotify.com/artist/5183rMOS7baeubPO5lAMM7,deathless void,Deathless Void,Deathless Void,5183rMOS7baeubPO5lAMM7
https://open.spotify.com/artist/53tPcppZl03HTrHI0UoUyL,peace pipe,PEACE PIPE,PEACE PIPE,53tPcppZl03HTrHI0UoUyL
https://open.spotify.com/artist/4VTXcebcyltPt1ezdBBMQb,our common collapse,Our Common Collapse,Our Common Collapse,4VTXcebcyltPt1ezdBBMQb
https://open.spotify.com/artist/6XfY7JzgiWq6DuGNywmWXq,gutsfuck,GUTSFUCK,GUTSFUCK,6XfY7JzgiWq6DuGNywmWXq
https://open.spotify.com/artist/6CeG13ZRFvpuiD0frGUX8x,null dysthymic,Null Dysthymic,Null Dysthymic,6CeG13ZRFvpuiD0frGUX8x
https://open.spotify.com/artist/3iPhS5RVBVfuEAe95xw8nl,texas toast chainsaw massacre,Texas Toast Chainsaw Massacre,Texas Toast Chainsaw Massacre,3iPhS5RVBVfuEAe95xw8nl
https://open.spotify.com/artist/1s1Fq0sBPidFTWX4tyiUyp,kakumay,KAKUMAY,KAKUMAY,1s1Fq0sBPidFTWX4tyiUyp
https://open.spotify.com/artist/4uYbgRkkg520ViIcz0KXdK,bystander,BYSTANDER,BYSTANDER,4uYbgRkkg520ViIcz0KXdK
https://open.spotify.com/artist/6YwYNzcxiky2niN36Uk9b3,intercessor,Intercessor,Intercessor,6YwYNzcxiky2niN36Uk9b3
https://open.spotify.com/artist/5tzKHMv3nxruSxWiLcrVIt,volatile ways,Volatile Ways,Volatile Ways,5tzKHMv3nxruSxWiLcrVIt
https://open.spotify.com/artist/7myDQkUb7zFhkmqyq8O5LT,luca,LUCA,LUCA,3GKdEPHUSBp3iNT4SG2Med
https://open.spotify.com/artist/1LF2clTXldKzeoofiJNf7J,right here right now,Right Here Right Now,Right Here Right Now,1LF2clTXldKzeoofiJNf7J
https://open.spotify.com/artist/4ufTytsSuwqjE1iSf1GiA5,nyktophobia,Nyktophobia,Nyktophobia,4ufTytsSuwqjE1iSf1GiA5
https://open.spotify.com/artist/3Vt9QI2xMaJc2VNNsb2exe,exnecros,Exnecros,Exnecros,3Vt9QI2xMaJc2VNNsb2exe
https://open.spotify.com/artist/1yf1dC29po0p4GRKzrcxGS,crucifiction,CRUCIFICTION,CRUCIFICTION,1yf1dC29po0p4GRKzrcxGS
https://open.spotify.com/artist/41FMySLGDPPENq783hR00n,human deception,Human Deception,Human Deception,41FMySLGDPPENq783hR00n
https://open.spotify.com/artist/1QRRcsxUk55o21mlH2DGHM,beneath a steel sky,Beneath a Steel Sky,Beneath a Steel Sky,1QRRcsxUk55o21mlH2DGHM
https://open.spotify.com/artist/4fgXEsajLL71kQlTMo5R29,bonecarver,Bonecarver,Bonecarver,4fgXEsajLL71kQlTMo5R29
https://open.spotify.com/artist/2dim4Z22r6hm81faAJ7xTK,scapegoat,Scapegoat,Scapegoat,2dim4Z22r6hm81faAJ7xTK
https://open.spotify.com/artist/5pC6bA1fxOabZ8l2oUUujG,searching serenity,Searching Serenity,Searching Serenity,5pC6bA1fxOabZ8l2oUUujG
https://open.spotify.com/artist/2pP5J0zNkwzbWO2FkkdOnQ,tornadic,Tornadic,Tornadic,2pP5J0zNkwzbWO2FkkdOnQ
https://open.spotify.com/artist/34Ax6l7iTC4OFZMyo19iPc,nothing noble,Nothing Noble,Nothing Noble,34Ax6l7iTC4OFZMyo19iPc
https://open.spotify.com/artist/2sZbYIG6TD7D8V5WiEOFon,aborted bong rip,Aborted Bong Rip,Aborted Bong Rip,2sZbYIG6TD7D8V5WiEOFon
https://open.spotify.com/artist/0HeWvyncUJFAp4hX5nWXXa,cryout,cryout,cryout,234qEkYJSyKYY2HJShfc6S
https://open.spotify.com/artist/4c4bGsakt9QNeXKCbWMQ2u,unholy orpheus,Unholy Orpheus,Unholy Orpheus,4c4bGsakt9QNeXKCbWMQ2u
https://open.spotify.com/artist/01ZzSS0sBNJlwGbdCF3jjU,lamhet,Lamhet,Lamhet,01ZzSS0sBNJlwGbdCF3jjU
https://open.spotify.com/artist/1AV6c2X9NdJqzPpSr7JziK,no life,No Life,No Life,1AV6c2X9NdJqzPpSr7JziK
https://open.spotify.com/artist/3GH2UpdVzcDfM4ENH75LfD,mortal reminder,MORTAL REMINDER,MORTAL REMINDER,3GH2UpdVzcDfM4ENH75LfD
https://open.spotify.com/artist/2JpzcXChqTJM6pjnlTKvWt,asfirefalls,Asfirefalls,Asfirefalls,2JpzcXChqTJM6pjnlTKvWt
https://open.spotify.com/artist/1npWOTnHWv2qnHszPMwHLj,beguiler,Beguiler,Beguiler,1npWOTnHWv2qnHszPMwHLj
https://open.spotify.com/artist/7i04oRstVv5xfCRMppUxuF,heists,Heists,Heists,7i04oRstVv5xfCRMppUxuF
https://open.spotify.com/artist/5nhUfUVXvd3Pjd9OkKBcEV,gallamesh,Gallamesh,Gallamesh,5nhUfUVXvd3Pjd9OkKBcEV
https://open.spotify.com/artist/7D5a2e3Z3E4b8SGowSNPUd,wither the fallacy,WITHER THE FALLACY,WITHER THE FALLACY,7D5a2e3Z3E4b8SGowSNPUd
https://open.spotify.com/artist/1TjiODRCGIyAJDSUeKJs2B,shingeki no awake,Shingeki no Awake,Shingeki no Awake,1TjiODRCGIyAJDSUeKJs2B
https://open.spotify.com/artist/2XwCbmJZsAqFKYbP71vs5J,serrabulho,Serrabulho,Serrabulho,2XwCbmJZsAqFKYbP71vs5J
https://open.spotify.com/artist/2wgoq1DV9cFvdvhYXseow7,leer,LEER,LEER,3ltVtf7QHIwJBNQHqjb9UI
https://open.spotify.com/artist/3TWZYikZFbzHnAMh5kfmfq,the forerunner,The Forerunner,The Forerunner,3TWZYikZFbzHnAMh5kfmfq
https://open.spotify.com/artist/5vv75r0p38Xma82ksIPvxm,these fucking hands,These Fucking Hands,These Fucking Hands,5vv75r0p38Xma82ksIPvxm
https://open.spotify.com/artist/40tr906zgdoCkJxpVxzZzp,vampire rose,VAMPIRE ROSE,VAMPIRE ROSE,40tr906zgdoCkJxpVxzZzp
https://open.spotify.com/artist/2iy6PKhhvtcPRMlgstQKz2,the automatic singer,The Automatic Singer,The Automatic Singer,2iy6PKhhvtcPRMlgstQKz2
https://open.spotify.com/artist/6Z0TOok4QlwXg3TeRhExyv,hospital,Hospital,Hospital,6Z0TOok4QlwXg3TeRhExyv
https://open.spotify.com/artist/03Ovop3DuFllxT56ZUBD8H,cemented in fear,Cemented in Fear,Cemented in Fear,03Ovop3DuFllxT56ZUBD8H
https://open.spotify.com/artist/7I18r5VZ8g2bJswX2x2tKw,halo bite,Halo Bite,Halo Bite,7I18r5VZ8g2bJswX2x2tKw
https://open.spotify.com/artist/4cSlo0UuPbN76e5N4mEeQb,opponent,Opponent,Opponent,4cSlo0UuPbN76e5N4mEeQb
https://open.spotify.com/artist/2agsmGlgy77KlsjGV6ydOm,tarcil,Tarcil,Tarcil,2agsmGlgy77KlsjGV6ydOm
https://open.spotify.com/artist/6hWRjQzM6AmSPqXd7eM2I2,down by law,Down By Law,Down By Law,6hWRjQzM6AmSPqXd7eM2I2
https://open.spotify.com/artist/4FB8aZI5Ae92JNlPXxx25S,the art of deception,The Art of Deception,The Art of Deception,4FB8aZI5Ae92JNlPXxx25S
https://open.spotify.com/artist/7KxQQIZ8rQ6jOM6FcimDp0,enemy 906,ENEMY 906,ENEMY 906,7KxQQIZ8rQ6jOM6FcimDp0
https://open.spotify.com/artist/2HW0dtR1p9lFbVDzMln4vm,outer worlds,Outer Worlds,Outer Worlds,2HW0dtR1p9lFbVDzMln4vm
https://open.spotify.com/artist/4UQJftLBUSFRZodTYKnPTw,deathpair,Deathpair,Deathpair,4UQJftLBUSFRZodTYKnPTw
https://open.spotify.com/artist/3joyxa7TvzLs0c6H31DcNV,kokeshi,Kokeshi,Kokeshi,3joyxa7TvzLs0c6H31DcNV
https://open.spotify.com/artist/13g9FHhXm2Tn3fR7KOallY,the tale untold,The Tale Untold,The Tale Untold,13g9FHhXm2Tn3fR7KOallY
https://open.spotify.com/artist/3RPU6POdV9j2cgiliSxYtg,spiritwalker,Spiritwalker,Spiritwalker,3RPU6POdV9j2cgiliSxYtg
https://open.spotify.com/artist/3OxmEU9LO7OP13ptDsaLXW,kru$ty,Kru$ty,Kru$ty,3OxmEU9LO7OP13ptDsaLXW
https://open.spotify.com/artist/0WSe68Y9daHr3Hiek4a26H,gradience,Gradience,Gradience,0WSe68Y9daHr3Hiek4a26H
https://open.spotify.com/artist/5CkxzGQzjy3OBZ8WoAKPVl,bloodletting prince,Bloodletting Prince,Bloodletting Prince,5CkxzGQzjy3OBZ8WoAKPVl
https://open.spotify.com/artist/0zxS6Kv0mi3rcjOnIG8AZl,espiral,Espiral,Espiral,0zxS6Kv0mi3rcjOnIG8AZl
https://open.spotify.com/artist/07hjHGzp08254h5K9UEtob,naysayers,NAYSAYERS,NAYSAYERS,7rv9zCUPqyMlWps0prXt4v
https://open.spotify.com/artist/2DJrh0A3ElgB6eyYfZ5u5m,archon,ARCHON,ARCHON,2DJrh0A3ElgB6eyYfZ5u5m
https://open.spotify.com/artist/6ahBLSGA36L7TEqaPLWyN8,strychnos,Strychnos,Strychnos,6ahBLSGA36L7TEqaPLWyN8
https://open.spotify.com/artist/70aIXAYbZd48wRhXJfa39r,bloody falls,Bloody Falls,Bloody Falls,70aIXAYbZd48wRhXJfa39r
https://open.spotify.com/artist/08v1mIczurORofSMniq8Oi,axefear,Axefear,Axefear,08v1mIczurORofSMniq8Oi
https://open.spotify.com/artist/1015ikeVHCuZ4WmWKoQflw,BULMA ___,BULMA ___,BULMA ___,1015ikeVHCuZ4WmWKoQflw
https://open.spotify.com/artist/5NyZmJZUDURORN1QiTbiZT,hekseblad,Hekseblad,Hekseblad,5NyZmJZUDURORN1QiTbiZT
https://open.spotify.com/artist/685Y3y5wMxBS27ZrkAxS44,lives lost,Lives Lost,Lives Lost,685Y3y5wMxBS27ZrkAxS44
https://open.spotify.com/artist/2cA2B6WerdApxrqocBtvMQ,street to the ocean,Street to the Ocean,Street to the Ocean,2cA2B6WerdApxrqocBtvMQ
https://open.spotify.com/artist/7mONsMfVS0vQNvf3o0Y2oW,death tag,DEATH TAG,DEATH TAG,7mONsMfVS0vQNvf3o0Y2oW
https://open.spotify.com/artist/2frLgJzeFBplaljPnaKayU,spent case,SPENT CASE,SPENT CASE,2frLgJzeFBplaljPnaKayU
https://open.spotify.com/artist/1fu7plwfaglPCQU6y1RFfb,kahani,Kahani,Kahani,1fu7plwfaglPCQU6y1RFfb
https://open.spotify.com/artist/6yPAqoIMCfvAVMsDsWyNbp,heteromorphic zoo,Heteromorphic Zoo,Heteromorphic Zoo,6yPAqoIMCfvAVMsDsWyNbp
https://open.spotify.com/artist/5HaGy8VvmF3PCUns6UhOQv,dead days,Dead Days,Dead Days,5HaGy8VvmF3PCUns6UhOQv
https://open.spotify.com/artist/59JuXWTqK2cLCvSNz63fqN,appalachian anarchy,Appalachian Anarchy,Appalachian Anarchy,59JuXWTqK2cLCvSNz63fqN
https://open.spotify.com/artist/0aABno6V0bgVXTzADSeUYv,glaciers,Glaciers,Glaciers,0aABno6V0bgVXTzADSeUYv
https://open.spotify.com/artist/4PFZvjYWC5FpHtS7HlLmTJ,remedy,Remedy,Remedy,4PFZvjYWC5FpHtS7HlLmTJ
https://open.spotify.com/artist/1u8qqOF2w0kgbg1QLXEXSJ,blitzkid,Blitzkid,Blitzkid,1u8qqOF2w0kgbg1QLXEXSJ
https://open.spotify.com/artist/6XP64Chkji2mFpszEudUkq,frostbitt,Frostbitt,Frostbitt,6XP64Chkji2mFpszEudUkq
https://open.spotify.com/artist/1a2ZdtjsHAMD9bnwn7jxaC,tsar,TSAR,TSAR,1a2ZdtjsHAMD9bnwn7jxaC
https://open.spotify.com/artist/58iZiFQBnlpS1LQCLZIaw2,omnivide,Omnivide,Omnivide,58iZiFQBnlpS1LQCLZIaw2
https://open.spotify.com/artist/1JPy5PsJtkhftfdr6saN2i,bassnectar,Bassnectar,Bassnectar,1JPy5PsJtkhftfdr6saN2i
https://open.spotify.com/artist/6iGSl0hxx2ude4AwBCAKZ6,cyborg octopus,Cyborg Octopus,Cyborg Octopus,6iGSl0hxx2ude4AwBCAKZ6
https://open.spotify.com/artist/5zGxYEPyynjUkIBgKRI1Wt,ancst,Ancst,Ancst,5zGxYEPyynjUkIBgKRI1Wt
https://open.spotify.com/artist/34ImkGZkWUUwWuOV6ZcJi9,gutting,Gutting,Gutting,2VhTBaV2Io9AJe661MUTEj
https://open.spotify.com/artist/5wlJrskVtFPmIclT5vd9gF,blazing eternity,Blazing Eternity,Blazing Eternity,5wlJrskVtFPmIclT5vd9gF
https://open.spotify.com/artist/3VsojyDk8sQn7RwvSqQpdL,monomythic,Monomythic,Monomythic,3VsojyDk8sQn7RwvSqQpdL
https://open.spotify.com/artist/4a3sLsruasVoUxboGQUNfP,fire & flesh,Fire & Flesh,Fire & Flesh,4a3sLsruasVoUxboGQUNfP
https://open.spotify.com/artist/0QJFs1621CUPUWbpnEs8FI,gerogot,GEROGOT,GEROGOT,0QJFs1621CUPUWbpnEs8FI
https://open.spotify.com/artist/2cpKmhVHR9xyuTKKk0EBXc,moncreep,Moncreep,Moncreep,2cpKmhVHR9xyuTKKk0EBXc
https://open.spotify.com/artist/0Sz3VMtEFrNn1vaat0FqK9,evergloam,Evergloam,Evergloam,0Sz3VMtEFrNn1vaat0FqK9
https://open.spotify.com/artist/3ffs5rQi9nZJg78jldaaxS,r.a.i.d.,R.A.I.D.,R.A.I.D.,3ffs5rQi9nZJg78jldaaxS
https://open.spotify.com/artist/3lwc83k8FYqbmMv6Fnp1p1,spinal deformation,Spinal Deformation,Spinal Deformation,3lwc83k8FYqbmMv6Fnp1p1
https://open.spotify.com/artist/1i0Db49bKfKJoWv1hkMyIM,nyc shootout,NYC SHOOTOUT,NYC SHOOTOUT,1i0Db49bKfKJoWv1hkMyIM
https://open.spotify.com/artist/0TyQwaDsHka5C9u7vV9YG7,kaneto-juusei,kaneto-juusei,kaneto-juusei,0TyQwaDsHka5C9u7vV9YG7
https://open.spotify.com/artist/3OeX9lekdj5s9FByuNxW8G,st.sinner,st.sinner,st.sinner,3OeX9lekdj5s9FByuNxW8G
https://open.spotify.com/artist/5Q3HThObZhiQnZtRivasiC,furlo,FURLO,Furlo,2v0RRTUAxEdTnnHkgHGHhg
https://open.spotify.com/artist/5q4AGfB45ZPXScWMyRBg9j,sabancaya,Sabancaya,Sabancaya,5q4AGfB45ZPXScWMyRBg9j
https://open.spotify.com/artist/2jWxOfUagc8h6PbDZgFoMp,simulakra,Simulakra,Simulakra,2jWxOfUagc8h6PbDZgFoMp
https://open.spotify.com/artist/7KUS3fnZ8nHy2tVE1uU00O,tombstoner,Tombstoner,Tombstoner,7KUS3fnZ8nHy2tVE1uU00O
https://open.spotify.com/artist/00xanJcYhxz7fqsaP3281l,sinequanon,Sinequanon,Sinequanon,00xanJcYhxz7fqsaP3281l
https://open.spotify.com/artist/4BV8d7Ddke7PPw4d0cupVG,tyrant,Tyrant,Tyrant,1nOJ0TH4kkzX0yvF4hELCc
https://open.spotify.com/artist/22WyRNDxRgY1ILGj9mYu8O,bury the liar,Bury The Liar,Bury The Liar,22WyRNDxRgY1ILGj9mYu8O
https://open.spotify.com/artist/7J0ZwYG57Ruw6ExLKls9PC,divisive,Divisive,Divisive,7J0ZwYG57Ruw6ExLKls9PC
https://open.spotify.com/artist/24akzFM25DIhWs6x2hw2XG,there's no face,There's No Face,There's No Face,24akzFM25DIhWs6x2hw2XG
https://open.spotify.com/artist/5ft5lEIsdzSDKx0tA2rPJH,toughguy,Toughguy,Toughguy,5ft5lEIsdzSDKx0tA2rPJH
https://open.spotify.com/artist/6IAkJBTXy5Bf5J438qF1R6,scarlet rot,Scarlet Rot,Scarlet Rot,6IAkJBTXy5Bf5J438qF1R6
https://open.spotify.com/artist/3QNG3E1gZerAYXVt3MuIjp,human error,Human Error,Human Error,3QNG3E1gZerAYXVt3MuIjp
https://open.spotify.com/artist/5JSheexrHIwDG7nUp9htwx,killa bastard,Killa Bastard,Killa Bastard,5JSheexrHIwDG7nUp9htwx
https://open.spotify.com/artist/3By3NlIbjZW9Uqlph8kcgK,suasion,Suasion,Suasion,3By3NlIbjZW9Uqlph8kcgK
https://open.spotify.com/artist/7qkrSm3hEgTbfWhjs24AZP,illusions fade,Illusions Fade,Illusions Fade,7qkrSm3hEgTbfWhjs24AZP
https://open.spotify.com/artist/1jl0oWAKZ8BNB7Z8bnG7aZ,eschalon,Eschalon,Eschalon,1jl0oWAKZ8BNB7Z8bnG7aZ
https://open.spotify.com/artist/16ufE447vQz3nnumA0Svq2,torture hammer,Torture Hammer,Torture Hammer,16ufE447vQz3nnumA0Svq2
https://open.spotify.com/artist/0gxaZ1sxyfmjttYIM4jzIc,satanic north,Satanic North,Satanic North,0gxaZ1sxyfmjttYIM4jzIc
https://open.spotify.com/artist/1WGaVnIFQDYZJhxDRoRD4G,martil,Martil,Martil,1WGaVnIFQDYZJhxDRoRD4G
https://open.spotify.com/artist/46HcJG62ky3Tj7yJpB2Qqg,gost,Gost,Gost,46HcJG62ky3Tj7yJpB2Qqg
https://open.spotify.com/artist/5iF3nNoHv3gEm9mobCwdxC,lead horizon,Lead Horizon,Lead Horizon,5iF3nNoHv3gEm9mobCwdxC
https://open.spotify.com/artist/1MJwrsivor4GSAki25v5PW,sickrecy,Sickrecy,Sickrecy,1MJwrsivor4GSAki25v5PW
https://open.spotify.com/artist/6v4tmKaFpasiRSLDxmwrle,who they fear,Who They Fear,Who They Fear,6v4tmKaFpasiRSLDxmwrle
https://open.spotify.com/artist/5tLtlpjKTDP6GU68ONwm6S,empiric,Empiric,Empiric,6SXf93pH8SR1s8AZj7SXAO
https://open.spotify.com/artist/5y6E9eaJ3PLbixB3Ry3CQ1,pathologic,Pathologic,Pathologic,5y6E9eaJ3PLbixB3Ry3CQ1
https://open.spotify.com/artist/0oxUux1OSwZpIpSK0JbqSS,austrian death machine,Austrian Death Machine,Austrian Death Machine,0oxUux1OSwZpIpSK0JbqSS
https://open.spotify.com/artist/31vO7MtYSmvlo3QUH31Ss8,from dusk to dawn,From Dusk to Dawn,From Dusk to Dawn,31vO7MtYSmvlo3QUH31Ss8
https://open.spotify.com/artist/7ouUCMF2UEoorSLQVyGlDk,wasted flesh,Wasted Flesh,Wasted Flesh,7ouUCMF2UEoorSLQVyGlDk
https://open.spotify.com/artist/6CJkI9RF5T1XFdGYCDWNZi,befouled tongue,Befouled Tongue,Befouled Tongue,6CJkI9RF5T1XFdGYCDWNZi
https://open.spotify.com/artist/0u8cy1K9a7IChhXMlNU0Q1,farsight,FARSIGHT,FARSIGHT,0u8cy1K9a7IChhXMlNU0Q1
https://open.spotify.com/artist/2b1h1c5Oj2DAHtUU1loOdm,earthgazer,Earthgazer,Earthgazer,2b1h1c5Oj2DAHtUU1loOdm
https://open.spotify.com/artist/7LzFv2clmkrzzNkPHW44tk,backstabbed,Backstabbed,Backstabbed,7LzFv2clmkrzzNkPHW44tk
https://open.spotify.com/artist/0ervKnHzZBgwJgFkFdPcsF,meadows,Meadows,Meadows,0ervKnHzZBgwJgFkFdPcsF
https://open.spotify.com/artist/3y0Wowjj6ilTUmHNIsDO4O,infernal lamentations,Infernal Lamentations,Infernal Lamentations,3y0Wowjj6ilTUmHNIsDO4O
https://open.spotify.com/artist/3nHKgURuRqRXCcDVKAfPBr,skyrmisher,Skyrmisher,Skyrmisher,3nHKgURuRqRXCcDVKAfPBr
https://open.spotify.com/artist/7DZweyo7u41dOXBV7eSbob,a knight under maria's altar,A Knight Under Maria's Altar,A Knight Under Maria's Altar,7DZweyo7u41dOXBV7eSbob
https://open.spotify.com/artist/2A7COD4RmugE3Jeff6sLqb,temor,TEMOR,TEMOR,2A7COD4RmugE3Jeff6sLqb
https://open.spotify.com/artist/7iJWnpDB9Rw6MHvRrPpYN2,thredge,Thredge,Thredge,7iJWnpDB9Rw6MHvRrPpYN2
https://open.spotify.com/artist/3KD8X5Li747WI4MyhGf43P,sinister feeling,Sinister Feeling,Sinister Feeling,3KD8X5Li747WI4MyhGf43P
https://open.spotify.com/artist/77o03w40BZnTbs301rTefi,wani,Wani,Wani,6YqdtpUutxodni6lUD4stM
https://open.spotify.com/artist/1xd4o3nvXyiD90YBml2A5T,jacob lizotte,Jacob Lizotte,Jacob Lizotte,1xd4o3nvXyiD90YBml2A5T
https://open.spotify.com/artist/17IdH2I9EWpCSUdQm91b2B,meet the maker,Meet The Maker,Meet The Maker,17IdH2I9EWpCSUdQm91b2B
https://open.spotify.com/artist/08QXOSGFgaJw93nk0a2Dk5,grillijono k.o.,Grillijono K.O.,Grillijono K.O.,08QXOSGFgaJw93nk0a2Dk5
https://open.spotify.com/artist/2p7QVsiDNqd3201OYqFFqj,seek misery,Seek Misery,Seek Misery,2p7QVsiDNqd3201OYqFFqj
https://open.spotify.com/artist/2GE9KvytBzbgYecgJR4DYv,satanic empire,Satanic Empire,Satanic Empire,2GE9KvytBzbgYecgJR4DYv
https://open.spotify.com/artist/3sjqdc4V86Y8fAzdmYZoH2,nocturnus ad,Nocturnus AD,Nocturnus AD,3sjqdc4V86Y8fAzdmYZoH2
https://open.spotify.com/artist/0nVXrDRq7wclKSd7nOBiPt,skylimit,SKYLIMIT,SKYLIMIT,0nVXrDRq7wclKSd7nOBiPt
https://open.spotify.com/artist/0gwVjuAqUxB1TnugpYRqty,olympus lenticular,Olympus Lenticular,Olympus Lenticular,0gwVjuAqUxB1TnugpYRqty
https://open.spotify.com/artist/6rfq3fvUgT8mCyP1NL4H0n,friendly jvck,Friendly Jvck,Friendly Jvck,6rfq3fvUgT8mCyP1NL4H0n
https://open.spotify.com/artist/11c8Y0dYUpIPH9HmGk84IL,sawnoff,SAWNOFF,SAWNOFF,11c8Y0dYUpIPH9HmGk84IL
https://open.spotify.com/artist/2dTgxXj3wbPFIUG9pa1NWc,dazzlingbad,DazzlingBAD,DazzlingBAD,2dTgxXj3wbPFIUG9pa1NWc
https://open.spotify.com/artist/2vKtQTQJasv0t3z0GnqB4x,deathdotgov,deathdotgov,deathdotgov,2vKtQTQJasv0t3z0GnqB4x
https://open.spotify.com/artist/34QEjyOLywYergJJtUVSjT,nora plan,Nora Plan,Nora Plan,34QEjyOLywYergJJtUVSjT
https://open.spotify.com/artist/18K9AAgJqUVkquLVd6PJc7,zombieshark!,ZOMBIESHARK!,ZOMBIESHARK!,18K9AAgJqUVkquLVd6PJc7
https://open.spotify.com/artist/4q59GvmBhdbncyowz8gFkC,chainsword,Chainsword,Chainsword,4q59GvmBhdbncyowz8gFkC
https://open.spotify.com/artist/7unG0KU8eWnzfQAJA8TAcH,newcomer,NEWCOMER,NEWCOMER,7unG0KU8eWnzfQAJA8TAcH
https://open.spotify.com/artist/1Iul80fggsDCLacY0h9scr,truck chan,Truck Chan,Truck Chan,1Iul80fggsDCLacY0h9scr
https://open.spotify.com/artist/4Bl3FXav6VIDmSpaHLwpon,daedra,Daedra,Daedra,4Bl3FXav6VIDmSpaHLwpon
https://open.spotify.com/artist/64Gj1izAyQcJBHlS6Rdcu5,the stygian complex,The Stygian Complex,The Stygian Complex,64Gj1izAyQcJBHlS6Rdcu5
https://open.spotify.com/artist/6rjw3rchGDErLBonLqsBHz,zombie,ZOMBIE,ZOMBIE,2L7RaHwfVU6ge64IJF8GO5
https://open.spotify.com/artist/10dTG5wFGlKKH0aryYHrCR,auditory anguish,AUDITORY ANGUISH,AUDITORY ANGUISH,10dTG5wFGlKKH0aryYHrCR
https://open.spotify.com/artist/7iM6UV8wXD4l2bS2QxdOPY,johnny mafia,Johnny Mafia,Johnny Mafia,7iM6UV8wXD4l2bS2QxdOPY
https://open.spotify.com/artist/7c7dUW2LC1L6ORMWbEDGNI,agony,Agony,Agony,7c7dUW2LC1L6ORMWbEDGNI
https://open.spotify.com/artist/1ZvTMCLeW2k9tCTjWqN1mS,griefgod,Griefgod,Griefgod,1ZvTMCLeW2k9tCTjWqN1mS
https://open.spotify.com/artist/1oZBET0PBRusndmvbnlz9W,braces,BRACES,BRACES,1oZBET0PBRusndmvbnlz9W
https://open.spotify.com/artist/7jYdaSBbY9upek4zyCxdh7,cogitations,Cogitations,Cogitations,7jYdaSBbY9upek4zyCxdh7
https://open.spotify.com/artist/5p8AjcGi5g19fWNvC2zhqE,mattias alkberg,Mattias Alkberg,Mattias Alkberg,5p8AjcGi5g19fWNvC2zhqE
https://open.spotify.com/artist/0UzxjNIkMaAFiuXOCUdlca,curveless,Curveless,Curveless,0UzxjNIkMaAFiuXOCUdlca
https://open.spotify.com/artist/4Wl6PA1ABnzNQMnZd5cOOd,apogean,Apogean,Apogean,4Wl6PA1ABnzNQMnZd5cOOd
https://open.spotify.com/artist/3Km8iRgRYhnQA6WRuL4WgV,vespid,Vespid,Vespid,3Km8iRgRYhnQA6WRuL4WgV
https://open.spotify.com/artist/3QicHomrJUbJrm9h0fdZOw,kassogtha,Kassogtha,Kassogtha,3QicHomrJUbJrm9h0fdZOw
https://open.spotify.com/artist/57VR0hNQshHQEaqrUUYWe4,victimofdeception,VICTIMOFDECEPTION,VICTIMOFDECEPTION,57VR0hNQshHQEaqrUUYWe4
https://open.spotify.com/artist/7GKw4lPYfSo0ya4s2YGUsS,drip eu,DRIP EU,DRIP EU,7GKw4lPYfSo0ya4s2YGUsS
https://open.spotify.com/artist/1m0nLx5JP1C7MnugLq0XVc,hurt division,Hurt Division,Hurt Division,1m0nLx5JP1C7MnugLq0XVc
https://open.spotify.com/artist/4QjsTcLxAGrrAsjHGN4SuD,bloody cumshot,Bloody Cumshot,Bloody Cumshot,4QjsTcLxAGrrAsjHGN4SuD
https://open.spotify.com/artist/0smphHwUPTLAcGdDDxYwQo,destard,DESTARD,DESTARD,0smphHwUPTLAcGdDDxYwQo
https://open.spotify.com/artist/0kTaZFlAaJlbEkeNTjOYe1,Sgˆile,Sgˆile,Sgˆile,0kTaZFlAaJlbEkeNTjOYe1
https://open.spotify.com/artist/38kYgEP2F1GpU8EbslPsMS,as time went by,As Time Went By,As Time Went By,38kYgEP2F1GpU8EbslPsMS
https://open.spotify.com/artist/6VsNiPUo6UtPkJO89QjEsu,gratitudetx,Gratitudetx,Gratitudetx,6VsNiPUo6UtPkJO89QjEsu
https://open.spotify.com/artist/6Ks4Mpy6HzIPNDdNGHm6T3,violent nature,VIOLENT NATURE,VIOLENT NATURE,6Ks4Mpy6HzIPNDdNGHm6T3
https://open.spotify.com/artist/60cbeifeYO9WgSuAkLy0Sc,dream beard,Dream Beard,Dream Beard,60cbeifeYO9WgSuAkLy0Sc
https://open.spotify.com/artist/3SUKO4vAKUtulR6t99R1Zk,ryujin,RYUJIN,RYUJIN,3SUKO4vAKUtulR6t99R1Zk
https://open.spotify.com/artist/30skqM1buXWfxi1m6DxA95,windchimes,Windchimes,Windchimes,30skqM1buXWfxi1m6DxA95
https://open.spotify.com/artist/2ZQQObsBpPwgKjK07Mjmba,intercollision,Intercollision,Intercollision,2ZQQObsBpPwgKjK07Mjmba
https://open.spotify.com/artist/5jzHeqBMZElOiky0aWXsFG,suffer uk,Suffer UK,Suffer UK,5jzHeqBMZElOiky0aWXsFG
https://open.spotify.com/artist/2LuqpIBXULsF5b4HkCr7mI,satanice,SATANICE,SATANICE,2LuqpIBXULsF5b4HkCr7mI
https://open.spotify.com/artist/6nLpD6tWBhXIbNxVKJC1fH,snowblood,Snowblood,Snowblood,6nLpD6tWBhXIbNxVKJC1fH
https://open.spotify.com/artist/7tlxDKSMmQ6Dpmixs9oLYn,mind incision,Mind Incision,Mind Incision,7tlxDKSMmQ6Dpmixs9oLYn
https://open.spotify.com/artist/2lKpiEXSugwW8iQFyL4U7q,before breathing,Before Breathing,Before Breathing,2lKpiEXSugwW8iQFyL4U7q
https://open.spotify.com/artist/1GpdZlbeeei84hTfbPHCTv,dvst,DVST,DVST,1GpdZlbeeei84hTfbPHCTv
https://open.spotify.com/artist/2CCsQ7SQELcfwENdswNLyC,uncircle,Uncircle,Uncircle,2CCsQ7SQELcfwENdswNLyC
https://open.spotify.com/artist/0x8jOlIanAJM3e3wAOjEFR,hatewaker,HateWaker,HateWaker,0x8jOlIanAJM3e3wAOjEFR
https://open.spotify.com/artist/2WCmL2a7rQ7eDve5G46VnW,ninth in pluto,NINTH IN PLUTO,NINTH IN PLUTO,2WCmL2a7rQ7eDve5G46VnW
https://open.spotify.com/artist/3adRnmCpbqvYJrJODNpdkn,obsidian mind,Obsidian Mind,Obsidian Mind,3adRnmCpbqvYJrJODNpdkn
https://open.spotify.com/artist/2BBI5PhPbdAWyJY3MTec0T,chains of agony,Chains Of Agony,Chains Of Agony,2BBI5PhPbdAWyJY3MTec0T
https://open.spotify.com/artist/7ei5nfpQ604O9yE0jPXvSd,fatal move,Fatal Move,Fatal Move,7ei5nfpQ604O9yE0jPXvSd
https://open.spotify.com/artist/3nL4AO4tQBONLYGshwZrGM,karasu,KaRaSu,KaRaSu,3nL4AO4tQBONLYGshwZrGM
https://open.spotify.com/artist/5l3wrSsJE2V0VINGu89lWN,nyrst,Nyrst,Nyrst,5l3wrSsJE2V0VINGu89lWN
https://open.spotify.com/artist/2CL5ITHrtJ1JVCCthWw1fs,the wind covenant,The Wind Covenant,The Wind Covenant,2CL5ITHrtJ1JVCCthWw1fs
https://open.spotify.com/artist/2609OcH9V5gOoIAtwUHjxp,purge of sanity,Purge of Sanity,Purge of Sanity,2609OcH9V5gOoIAtwUHjxp
https://open.spotify.com/artist/67Y2W5o4tTiCDPUATGiCNO,decaying purity,Decaying Purity,Decaying Purity,67Y2W5o4tTiCDPUATGiCNO
https://open.spotify.com/artist/5kIHyK4EUUu5j6cKXFw5I0,slamy vocals,Slamy Vocals,Slamy Vocals,5kIHyK4EUUu5j6cKXFw5I0
https://open.spotify.com/artist/5Hp12BdkneIJpn6hvxaoHr,seguimos perdiendo,Seguimos Perdiendo,Seguimos Perdiendo,5Hp12BdkneIJpn6hvxaoHr
https://open.spotify.com/artist/0pgNsgV8OEoTmbHnnTNkYL,kill rob bailey,Kill ROB Bailey,Kill ROB Bailey,0pgNsgV8OEoTmbHnnTNkYL
https://open.spotify.com/artist/16RQ1ts3SISTZXiq06vNkt,hitbox,hitbox,HITBOX,16RQ1ts3SISTZXiq06vNkt
https://open.spotify.com/artist/0uNTmzOkV3PmjdABkTpTe6,daedric chamber,Daedric Chamber,Daedric Chamber,0uNTmzOkV3PmjdABkTpTe6
https://open.spotify.com/artist/55jwncjanz31tTNxLqbTd8,indistinct,Indistinct,Indistinct,55jwncjanz31tTNxLqbTd8
https://open.spotify.com/artist/7MGHuj52nFdF1mAYRl0zkG,sunk loto,Sunk Loto,Sunk Loto,7MGHuj52nFdF1mAYRl0zkG
https://open.spotify.com/artist/3jOKYfOuCZf19meuwqMUmj,exit,Exit,Exit,3h9p6ezLoqYJ0viEfqGE4j
https://open.spotify.com/artist/60Kim3yeD027cAJ7gdytu5,chaldea,Chaldea,Chaldea,4fSgBXyl6FGwXf3ZqeHS3F
https://open.spotify.com/artist/5j2HRt9koCQZ3qTvYEzGZc,polish,Polish,Polish,2dI9IuajQnLR5dLxHjTTqU
https://open.spotify.com/artist/0qqwP2wJufGEv681mqvF70,exorcised gods,Exorcised Gods,Exorcised Gods,0qqwP2wJufGEv681mqvF70
https://open.spotify.com/artist/3fGgS0yxHUJi2OiwpTtvbp,dxwnsides,Dxwnsides,Dxwnsides,3fGgS0yxHUJi2OiwpTtvbp
https://open.spotify.com/artist/1PSylklb2w06BAAHEtepqM,surgeon,SURGEON,Surgeon,1PSylklb2w06BAAHEtepqM
https://open.spotify.com/artist/1s1OmCqLXfLqrRhc6evxtl,to obey a tyrant,To Obey a Tyrant,To Obey a Tyrant,1s1OmCqLXfLqrRhc6evxtl
https://open.spotify.com/artist/6NezMhzlkSaAW7AFpbRczn,bloat,Bloat,Bloat,6NezMhzlkSaAW7AFpbRczn
https://open.spotify.com/artist/1lIjN6laJcdd6txiGXvZaq,jack the joker,Jack The Joker,Jack The Joker,1lIjN6laJcdd6txiGXvZaq
https://open.spotify.com/artist/4cu9p8IwUabulv3YOxPIxC,slowchamber,slowchamber,slowchamber,4cu9p8IwUabulv3YOxPIxC
https://open.spotify.com/artist/0nAbUZTbd0UFkL4GGacvG8,xii thorns,XII Thorns,XII Thorns,0nAbUZTbd0UFkL4GGacvG8
https://open.spotify.com/artist/1h4LqTF3rRmvSf5YQaL7CV,opium du peuple,Opium du Peuple,Opium du Peuple,1h4LqTF3rRmvSf5YQaL7CV
https://open.spotify.com/artist/4ff9Ai2AG081rH1hLkECQi,inverity,INVERITY,INVERITY,4ff9Ai2AG081rH1hLkECQi
https://open.spotify.com/artist/7cZd90UiEtY6V76dtQHXqF,hinayana,Hinayana,Hinayana,7cZd90UiEtY6V76dtQHXqF
https://open.spotify.com/artist/4sGR6gZQVT1RZVjBb9Qce9,necrophilic beatdown,Necrophilic Beatdown,Necrophilic Beatdown,4sGR6gZQVT1RZVjBb9Qce9
https://open.spotify.com/artist/6AnntqIt9aLBRObq0d512w,not norman,Not Norman,Not Norman,6AnntqIt9aLBRObq0d512w
https://open.spotify.com/artist/07rN5azbJTlpsrlJQss2v2,maracurse,Maracurse,Maracurse,07rN5azbJTlpsrlJQss2v2
https://open.spotify.com/artist/0gJ0dOw0r6daBMmJr6ROvQ,abyss walker,Abyss Walker,Abyss Walker,0gJ0dOw0r6daBMmJr6ROvQ
https://open.spotify.com/artist/3g04K4btUiISMXpV4c2xqP,makhlvk,Makhlvk,Makhlvk,3g04K4btUiISMXpV4c2xqP
https://open.spotify.com/artist/38IenmX2kQpL7NS74TJPun,swampgrave,SWAMPGRAVE,SWAMPGRAVE,38IenmX2kQpL7NS74TJPun
https://open.spotify.com/artist/5JyxnBnIFniU2oLWjUNjz9,lies!,LIES!,LIES!,5JyxnBnIFniU2oLWjUNjz9
https://open.spotify.com/artist/7IS31MnxPnYaDKlFRZ3pdt,gulu gulu,gulu gulu,gulu gulu,7IS31MnxPnYaDKlFRZ3pdt
https://open.spotify.com/artist/2MlBpNoRy5QXHOpBioVqVP,in your grave,In Your Grave,In Your Grave,2MlBpNoRy5QXHOpBioVqVP
https://open.spotify.com/artist/0xeac9VopTCnTVzSx1ZByP,provoke the truth,Provoke the Truth,Provoke the Truth,0xeac9VopTCnTVzSx1ZByP
https://open.spotify.com/artist/2dkZWZy1u8NJ4Hl4vXE33J,discoveries nc,Discoveries NC,Discoveries NC,2dkZWZy1u8NJ4Hl4vXE33J
https://open.spotify.com/artist/0e2mamzzCCvHBBOmznjgQu,parris bridge,Parris Bridge,Parris Bridge,0e2mamzzCCvHBBOmznjgQu
https://open.spotify.com/artist/0M6zJSeM1XgyIu64Hfrmlm,still stayer,Still Stayer,Still Stayer,0M6zJSeM1XgyIu64Hfrmlm
https://open.spotify.com/artist/5u6k8PbYrk7ZXPfK2NBoVG,tide has turned,Tide Has Turned,Tide Has Turned,5u6k8PbYrk7ZXPfK2NBoVG
https://open.spotify.com/artist/3KaFOzEYQTi5CNc1Y577gx,astray valley,Astray Valley,Astray Valley,3KaFOzEYQTi5CNc1Y577gx
https://open.spotify.com/artist/2PAgaaZUHcCqzYsf6SY3uY,nxxses,Nxxses,Nxxses,2PAgaaZUHcCqzYsf6SY3uY
https://open.spotify.com/artist/0lr5JmP9qsCGEUADM9uSWC,stories through storms,Stories Through Storms,Stories Through Storms,0lr5JmP9qsCGEUADM9uSWC
https://open.spotify.com/artist/1B7WWtAYHoAQHdXhVsiD5H,chem,Chem,Chem,1GhPHrq36VKCY3ucVaZCfo
https://open.spotify.com/artist/1aYc9JjLoz7BRqioUuJKxn,middle grounds,Middle Grounds,Middle Grounds,1aYc9JjLoz7BRqioUuJKxn
https://open.spotify.com/artist/2WAmN5MiGL8XYhlXODKB0d,eiga,Eiga,Eiga,2WAmN5MiGL8XYhlXODKB0d
https://open.spotify.com/artist/4xg4NsqU77gUm4ZmMRAxxe,IKIN€,IKIN€,IKIN€,4xg4NsqU77gUm4ZmMRAxxe
https://open.spotify.com/artist/3TvNNN9VmTliAu0hk1sdMl,tyrants breaker,Tyrants Breaker,Tyrants Breaker,3TvNNN9VmTliAu0hk1sdMl
https://open.spotify.com/artist/7eQGtfOGKRndQcXCO1Xos6,the hero and a monster,The Hero and a Monster,The Hero and a Monster,7eQGtfOGKRndQcXCO1Xos6
https://open.spotify.com/artist/3JNzTfAri3Mmn3tAOlk55V,pollen,Pollen,Pollen,3JNzTfAri3Mmn3tAOlk55V
https://open.spotify.com/artist/7AluttQup6aYzucnaCzl4g,heat,HEAT,HEAT,7AluttQup6aYzucnaCzl4g
https://open.spotify.com/artist/3BK5u7xOPJU8ERq8w27hnk,crimson moonlight,Crimson Moonlight,Crimson Moonlight,3BK5u7xOPJU8ERq8w27hnk
https://open.spotify.com/artist/3S4jMurhHps1xCUhejnAd2,secondhand saints,Secondhand Saints,Secondhand Saints,3S4jMurhHps1xCUhejnAd2
https://open.spotify.com/artist/4QGZGD3l3YBczd7wR0SRJy,aerial,Aerial,Aerial,52GC47uinFvXuWXBqx83nt
https://open.spotify.com/artist/0zgXY7xaiH0GRA5pOqvJ6d,mildura,Mildura,Mildura,0zgXY7xaiH0GRA5pOqvJ6d
https://open.spotify.com/artist/7cl9j0U54gBxbcGO7zXXs2,american arson,American Arson,American Arson,7cl9j0U54gBxbcGO7zXXs2
https://open.spotify.com/artist/38whXecyxwJr7uUjpZ104x,the maguas,The Maguas,The Maguas,38whXecyxwJr7uUjpZ104x
https://open.spotify.com/artist/1RU0ONSshGqglT3CvPHrBT,nick broomhall,Nick Broomhall,Nick Broomhall,1RU0ONSshGqglT3CvPHrBT
https://open.spotify.com/artist/0uxkw5GtlfU8BgOuP7cjfl,cerement,Cerement,Cerement,0uxkw5GtlfU8BgOuP7cjfl
https://open.spotify.com/artist/0VKGJBAmsWIfgP7XeN1SEi,old wharf,Old Wharf,Old Wharf,0VKGJBAmsWIfgP7XeN1SEi
https://open.spotify.com/artist/2MBQjycT5pcjbWCetBJOur,iscariot,Iscariot,Iscariot,2MBQjycT5pcjbWCetBJOur
https://open.spotify.com/artist/5iDxnb1WVvezg59OVGAJbQ,emperors & angels,EMPERORS & ANGELS,EMPERORS & ANGELS,5iDxnb1WVvezg59OVGAJbQ
https://open.spotify.com/artist/72MD4qOT5kUc5FMZ8eqxkX,berzerker legion,Berzerker Legion,Berzerker Legion,72MD4qOT5kUc5FMZ8eqxkX
https://open.spotify.com/artist/3wHYVqzrG53DzO5mgwp0tk,a trilha,A Trilha,A Trilha,3wHYVqzrG53DzO5mgwp0tk
https://open.spotify.com/artist/0Sh13MqPGa0Pel97w8adxS,nitheful,Nitheful,Nitheful,0Sh13MqPGa0Pel97w8adxS
https://open.spotify.com/artist/1ZBik6Juf9pqiDlsh3badc,sentenced 2 die,Sentenced 2 Die,Sentenced 2 Die,1ZBik6Juf9pqiDlsh3badc
https://open.spotify.com/artist/554zLl2Oh47VRg0MF8mkHj,gravesend,Gravesend,Gravesend,554zLl2Oh47VRg0MF8mkHj
https://open.spotify.com/artist/4vmlzEE93UfxDk7WHbLm3X,dissonation,Dissonation,Dissonation,4vmlzEE93UfxDk7WHbLm3X
https://open.spotify.com/artist/5xMqzmvCCb86xN3ddVTDn3,carl wheezer,CARL WHEEZER,Carl Wheezer,5xMqzmvCCb86xN3ddVTDn3
https://open.spotify.com/artist/3MuHWsXweopEjemVhc16d5,testimony of apocalypse,Testimony of Apocalypse,Testimony of Apocalypse,3MuHWsXweopEjemVhc16d5
https://open.spotify.com/artist/7ow7nXWCZuMoU09aRki7GB,halberd,Halberd,halberd,7ow7nXWCZuMoU09aRki7GB
https://open.spotify.com/artist/7qUbOOQOeYnq0cUUIU5SEO,omnivortex,Omnivortex,Omnivortex,7qUbOOQOeYnq0cUUIU5SEO
https://open.spotify.com/artist/5PFkAH2D4bsXfK8C5979bV,callout,Callout,Callout,5PFkAH2D4bsXfK8C5979bV
https://open.spotify.com/artist/1YdWxmmj11cbJbcHhUrvba,gas fl,Gas FL,Gas FL,1YdWxmmj11cbJbcHhUrvba
https://open.spotify.com/artist/3p4nWpSdFZrDdA6lK6nQSY,dishonor,Dishonor,Dishonor,3p4nWpSdFZrDdA6lK6nQSY
https://open.spotify.com/artist/2oSGR34gOLtTvYnx2qGtmJ,thefaceyoumakewhenyoureallylose,TheFaceYouMakeWhenYouReallyLose,TheFaceYouMakeWhenYouReallyLose,2oSGR34gOLtTvYnx2qGtmJ
https://open.spotify.com/artist/6UOj6bnlUMdfLXvJgRRtPH,tyler rossow,Tyler Rossow,Tyler Rossow,6UOj6bnlUMdfLXvJgRRtPH
https://open.spotify.com/artist/3LNnSSzoPPdyJT437coBFn,Helfr—,Helfr—,Helfr—,3LNnSSzoPPdyJT437coBFn
https://open.spotify.com/artist/5wbQ674GzsknR3lZucAVhx,avenade,Avenade,Avenade,5wbQ674GzsknR3lZucAVhx
https://open.spotify.com/artist/4ZKIuhB1PWjnKmVAUU8V7K,graven image,Graven Image,Graven Image,4ZKIuhB1PWjnKmVAUU8V7K
https://open.spotify.com/artist/1wJRU5SvQ8BZDnW0sjZK5P,dolores,Dolores,Dolores,6nYVwBK8nCQCYlb7rA763B
https://open.spotify.com/artist/2RJ0cQlHOmiZ7JuHBwgUbV,vampires everywhere!,Vampires Everywhere!,Vampires Everywhere!,2RJ0cQlHOmiZ7JuHBwgUbV
https://open.spotify.com/artist/20pSxqWCdezK0i5ZgQABoj,phony,PHONY,PHONY,0oBsnAC3fzYkTHF3bkfNx6
https://open.spotify.com/artist/4QjcHVaUB35395GeUoRIfZ,varg,Varg,Varg,2HoXuqg3oIwcHIeZHEsBPs
https://open.spotify.com/artist/306Ena0TaX3m7r1VQQBB9Q,ascendence us,Ascendence US,Ascendence US,306Ena0TaX3m7r1VQQBB9Q
https://open.spotify.com/artist/0UO5OOoyb0OoF61DR4z7Wk,the tex avery syndrome,The Tex Avery Syndrome,The Tex Avery Syndrome,0UO5OOoyb0OoF61DR4z7Wk
https://open.spotify.com/artist/2mhZAf5yLrqvg6zkdwY5Bk,in shallows,In Shallows,In Shallows,2mhZAf5yLrqvg6zkdwY5Bk
https://open.spotify.com/artist/07xAFRpiGACPLiyanE6OXW,played by kings,Played by Kings,Played by Kings,07xAFRpiGACPLiyanE6OXW
https://open.spotify.com/artist/4CpcVmCj04ADMM6PPUlZc5,emphuria,Emphuria,Emphuria,4CpcVmCj04ADMM6PPUlZc5
https://open.spotify.com/artist/4CNXnQDhPoJRZ9GGrymWeC,casket mush,Casket Mush,Casket Mush,4CNXnQDhPoJRZ9GGrymWeC
https://open.spotify.com/artist/6HLOiMOiit1xMsgex7jBRY,monsters everywhere,Monsters Everywhere,Monsters Everywhere,6HLOiMOiit1xMsgex7jBRY
https://open.spotify.com/artist/1FaSH1mAXftP0W4txYyOhb,stercore,Stercore,Stercore,1FaSH1mAXftP0W4txYyOhb
https://open.spotify.com/artist/7fsQxfNSkLrHZUHiIYu6HK,aspect iris,Aspect Iris,Aspect Iris,7fsQxfNSkLrHZUHiIYu6HK
https://open.spotify.com/artist/3wnTCtUXbClNxJNfYtH0mF,diabolic night,Diabolic Night,Diabolic Night,3wnTCtUXbClNxJNfYtH0mF
https://open.spotify.com/artist/4mVBUXPUhSeh8xkE5jp5EF,unvow,Unvow,Unvow,4mVBUXPUhSeh8xkE5jp5EF
https://open.spotify.com/artist/5h7ZUEHkfkxLqsXzt5VCdV,euclid c finder,Euclid C Finder,Euclid C Finder,5h7ZUEHkfkxLqsXzt5VCdV
https://open.spotify.com/artist/1KtNSawz6BDskQOgeRw9a2,ashmaze.,Ashmaze.,Ashmaze.,1KtNSawz6BDskQOgeRw9a2
https://open.spotify.com/artist/6vzsOuuHmSN5IRL0bD0PNK,the hill is burning,The Hill Is Burning,The Hill Is Burning,6vzsOuuHmSN5IRL0bD0PNK
https://open.spotify.com/artist/76TXOS9VZFnaKHf6VW5oIY,torn soul,Torn Soul,Torn Soul,76TXOS9VZFnaKHf6VW5oIY
https://open.spotify.com/artist/6Zbxm3jOsbcEJUdDG163OE,internal suffering,Internal Suffering,Internal Suffering,6Zbxm3jOsbcEJUdDG163OE
https://open.spotify.com/artist/4hBYABCOpfUZLctDxpAwT9,sin deliverance,Sin deliverance,Sin deliverance,4hBYABCOpfUZLctDxpAwT9
https://open.spotify.com/artist/3VvvNtwzaS0dyqr13Pa113,go ahead and die,Go Ahead And Die,Go Ahead And Die,3VvvNtwzaS0dyqr13Pa113
https://open.spotify.com/artist/6G4xErlRWfs1ReVqZvsjh6,fukuro,Fukuro,Fukuro,6G4xErlRWfs1ReVqZvsjh6
https://open.spotify.com/artist/7jbkCD5BIRbdCLOz5J6S1Y,by the thousands,By the Thousands,By the Thousands,7jbkCD5BIRbdCLOz5J6S1Y
https://open.spotify.com/artist/7Gbx8oiIhPlDGaAUBKmdUh,seagrave,SEAGRAVE,SEAGRAVE,7Gbx8oiIhPlDGaAUBKmdUh
https://open.spotify.com/artist/1PuQN6QGQcPjddkb3We44S,psycho decadence,Psycho Decadence,Psycho Decadence,1PuQN6QGQcPjddkb3We44S
https://open.spotify.com/artist/1yhWlmuvAoFverferhdCeh,torch it,TORCH IT,TORCH IT,1yhWlmuvAoFverferhdCeh
https://open.spotify.com/artist/0xKLqWvJEA8gctABPP2LwQ,recone,Recone,Recone,0xKLqWvJEA8gctABPP2LwQ
https://open.spotify.com/artist/5I5qsax1FbMfnJ52k5iADw,inborn tendency,Inborn Tendency,Inborn Tendency,5I5qsax1FbMfnJ52k5iADw
https://open.spotify.com/artist/45MtkhYiPMUHwT4Wv7qBji,a scent like wolves,A Scent Like Wolves,A Scent Like Wolves,45MtkhYiPMUHwT4Wv7qBji
https://open.spotify.com/artist/0VcWUiBe3sJ7tqkZejkQvd,xaaxaa,XAAXAA,XAAXAA,0VcWUiBe3sJ7tqkZejkQvd
https://open.spotify.com/artist/7FIWXvLy4UOjPJ8Vcd2Onf,nvrless,NVRLESS,NVRLESS,7FIWXvLy4UOjPJ8Vcd2Onf
https://open.spotify.com/artist/0o8z9Pak8Rmcwq28IdWYn4,loveletter,LOVELETTER,loveletter,0o8z9Pak8Rmcwq28IdWYn4
https://open.spotify.com/artist/2yoTUfq2bi27s3RZXTEgkE,whitemoth,WHITEMOTH,WHITEMOTH,2yoTUfq2bi27s3RZXTEgkE
https://open.spotify.com/artist/6CYoyF9N8GZWgbHm5Wqe0r,bue,Bue,Bue,11kBu957KTYoAltZHDm8gW
https://open.spotify.com/artist/1b17pNackw7aDoGd6NIZzK,parti!,Parti!,Parti!,1b17pNackw7aDoGd6NIZzK
https://open.spotify.com/artist/4revVKBhEVRD2wbXn4L10w,within reach,Within Reach,Within Reach,4revVKBhEVRD2wbXn4L10w
https://open.spotify.com/artist/3Vtn4tPlT2mTkh8WvgBLOJ,ascend,ASCEND,ASCEND,3Vtn4tPlT2mTkh8WvgBLOJ
https://open.spotify.com/artist/2K5nCggbhSZ00YCYP5qkZS,shiva,SHIVA,Shiva,2K5nCggbhSZ00YCYP5qkZS
https://open.spotify.com/artist/75OkKMJXuW7voncWJ2DfLs,foetal juice,Foetal Juice,Foetal Juice,75OkKMJXuW7voncWJ2DfLs
https://open.spotify.com/artist/5v3BFxzA17aNgLGha3Lb2v,dematerialize,DEMATERIALIZE,DEMATERIALIZE,5v3BFxzA17aNgLGha3Lb2v
https://open.spotify.com/artist/4yBzl1zFsPRPln3O5xVILz,as beings,As Beings,As Beings,4yBzl1zFsPRPln3O5xVILz
https://open.spotify.com/artist/4oPHZ0Ot9sLUPkzLD3bx5d,posthumanx,PostHumanX,PostHumanX,4oPHZ0Ot9sLUPkzLD3bx5d
https://open.spotify.com/artist/2VObHl9AXyyg2taHRhX170,contortion,CONTORTION,CONTORTION,7nCgNmfYJcsVy3vOOzExYS
https://open.spotify.com/artist/2Y7k2gNPjdubt7SO0wyy2A,gorehammer,GOREHAMMER,GOREHAMMER,2Y7k2gNPjdubt7SO0wyy2A
https://open.spotify.com/artist/5D7UJcHPKqPJbFEQDflK85,dripping decay,Dripping Decay,Dripping Decay,5D7UJcHPKqPJbFEQDflK85
https://open.spotify.com/artist/4nuLJ82PPtEGM2OoAaAwcw,still here,Still Here,Still Here,4nuLJ82PPtEGM2OoAaAwcw
https://open.spotify.com/artist/2mv5DRDdUmx7Uw2IjtiIPc,oakheart,Oakheart,Oakheart,2mv5DRDdUmx7Uw2IjtiIPc
https://open.spotify.com/artist/4SuIgDBeOQBz7cI1HfsK31,stortregn,Stortregn,Stortregn,4SuIgDBeOQBz7cI1HfsK31
https://open.spotify.com/artist/0MOSbrifsnIzRObJyceBbg,zeile,ZEILE,ZEILE,0MOSbrifsnIzRObJyceBbg
https://open.spotify.com/artist/3enWWpgXPcYbw1vMT9QSxo,casketmaker,Casketmaker,Casketmaker,3enWWpgXPcYbw1vMT9QSxo
https://open.spotify.com/artist/3NrNgyOUrXEG4pGiil0k3q,thrash all nations,Thrash All Nations,Thrash All Nations,3NrNgyOUrXEG4pGiil0k3q
https://open.spotify.com/artist/4SlhNbOnl7dC1fSZzchJTE,grymheart,Grymheart,Grymheart,4SlhNbOnl7dC1fSZzchJTE
https://open.spotify.com/artist/6A4keF2jM8tHXsfqCvRcNT,sedative,Sedative,Sedative,6A4keF2jM8tHXsfqCvRcNT
https://open.spotify.com/artist/1NEwaL09NBlpVvWOcK4jU2,not my art,Not My Art,Not My Art,1NEwaL09NBlpVvWOcK4jU2
https://open.spotify.com/artist/5N4HmRQloswgMMTnnIHQmQ,terminalist,Terminalist,Terminalist,5N4HmRQloswgMMTnnIHQmQ
https://open.spotify.com/artist/49leBpVI0CS6NEdyicVT9i,thus,Thus,Thus,3TQvQT0PqlTLLENO4L3Tik
https://open.spotify.com/artist/1Cvh481W9iq8Mxvf9DsLtr,words of concrete,Words of Concrete,Words of Concrete,1Cvh481W9iq8Mxvf9DsLtr
https://open.spotify.com/artist/2YeXVe7K8fh65o6queKmuF,alqemiste,alqemiste,alqemiste,2YeXVe7K8fh65o6queKmuF
https://open.spotify.com/artist/6saSF87rPaxznAOLm4PnGc,walking corpse syndrome,Walking Corpse Syndrome,Walking Corpse Syndrome,6saSF87rPaxznAOLm4PnGc
https://open.spotify.com/artist/2U2PuLvvuR8YiVVu4p7ee5,necrosanct,Necrosanct,Necrosanct,2U2PuLvvuR8YiVVu4p7ee5
https://open.spotify.com/artist/5i10fsXaj3snLRcXMSm640,i think they lied,I Think They Lied,I Think They Lied,5i10fsXaj3snLRcXMSm640
https://open.spotify.com/artist/0cwVd3Xm1Px4exP0TyAft7,utilize the remains,Utilize The Remains,Utilize The Remains,0cwVd3Xm1Px4exP0TyAft7
https://open.spotify.com/artist/3U9H1BM6gffIWC98u560Vb,csn,CSN,CSN,0g99fro1e3wsldTwsqFBHr
https://open.spotify.com/artist/2AN5cUwCVlU2ZHU7yBsHF9,unbliss,UNBLISS,UNBLISS,2AN5cUwCVlU2ZHU7yBsHF9
https://open.spotify.com/artist/4ktA185ReIkAkyL3SJqSJy,neurectomy,Neurectomy,Neurectomy,4ktA185ReIkAkyL3SJqSJy
https://open.spotify.com/artist/3yZlzF2huAB9mbPDhOtnUN,death of a deity,Death of a Deity,Death of a Deity,3yZlzF2huAB9mbPDhOtnUN
https://open.spotify.com/artist/6D3oL9YvZBgd3IVFWUJ2BI,urfaust,Urfaust,Urfaust,6D3oL9YvZBgd3IVFWUJ2BI
https://open.spotify.com/artist/4mPmcOGfP5R1pIhMRvLu0D,the chug project,The Chug Project,The Chug Project,4mPmcOGfP5R1pIhMRvLu0D
https://open.spotify.com/artist/2uK3VyqaLJbAKjYQAy5lpt,krypt,Krypt,Krypt,0RDGuvtdiSiA25fb7FEl8p
https://open.spotify.com/artist/4forTjuHe6t8Ybw1Y3SEVx,voice of ruin,Voice Of Ruin,Voice Of Ruin,4forTjuHe6t8Ybw1Y3SEVx
https://open.spotify.com/artist/4Drs0Q0mdXNql39PM6AtsN,nefarius,Nefarius,Nefarius,4Drs0Q0mdXNql39PM6AtsN
https://open.spotify.com/artist/4N90WuwleCUe1FycsG2Y9h,deaths contract,Deaths Contract,Deaths Contract,4N90WuwleCUe1FycsG2Y9h
https://open.spotify.com/artist/40pB22TC0P5GiZlzduyqdt,anal flud,ANAL FLUD,ANAL FLUD,40pB22TC0P5GiZlzduyqdt
https://open.spotify.com/artist/7BCaddhy7NWB9M1PSK9UZy,sinner self,Sinner Self,Sinner Self,7BCaddhy7NWB9M1PSK9UZy
https://open.spotify.com/artist/3e5jm2rnXJcBQY06h5Rdut,skeleton pit,Skeleton Pit,Skeleton Pit,3e5jm2rnXJcBQY06h5Rdut
https://open.spotify.com/artist/17hfWp98WYoCWRVxEwF6SP,deathless,Deathless,Deathless,17hfWp98WYoCWRVxEwF6SP
https://open.spotify.com/artist/4fHej5iOHCpTYsujBTm1Kb,waterlines,Waterlines,Waterlines,4fHej5iOHCpTYsujBTm1Kb
https://open.spotify.com/artist/3IoCObnNQlLyknTEJZ35KG,bears,Bears,Bears,7vbSa291o9QWdShbidokvy
https://open.spotify.com/artist/2drvSlB2DRH5oq1f4SZOnM,beyond all doubt,Beyond All Doubt,Beyond All Doubt,2drvSlB2DRH5oq1f4SZOnM
https://open.spotify.com/artist/3fhSDZ3YSUfbYQGTzlolkx,iamone,IAMONE,IAMONE,3fhSDZ3YSUfbYQGTzlolkx
https://open.spotify.com/artist/0XSYobpysRZdyNB88F9241,ectoplasmorphosis,Ectoplasmorphosis,Ectoplasmorphosis,0XSYobpysRZdyNB88F9241
https://open.spotify.com/artist/7d9DV6xt5SZR7632oUrtvu,splinters.,Splinters.,Splinters.,7d9DV6xt5SZR7632oUrtvu
https://open.spotify.com/artist/05te9cG7cEF5EuxU9JqnCk,tyler shelton,Tyler Shelton,Tyler Shelton,403x11RUETcMwsBZlbneLC
https://open.spotify.com/artist/6md0CFaov2KJECy2XrqE2Q,death rattle,Death Rattle,Death Rattle,6md0CFaov2KJECy2XrqE2Q
https://open.spotify.com/artist/2hZUJRUibhLFm2e5iW01G2,human instrumentality project,Human Instrumentality Project,Human Instrumentality Project,2hZUJRUibhLFm2e5iW01G2
https://open.spotify.com/artist/7C6jNfEsO4VWradSqNUbal,dying breed,Dying Breed,Dying Breed,7C6jNfEsO4VWradSqNUbal
https://open.spotify.com/artist/6WPUYW0KEbNPqs7Ipxl1jJ,impuritan,Impuritan,Impuritan,6WPUYW0KEbNPqs7Ipxl1jJ
https://open.spotify.com/artist/1jA6wasaedUfXQrOPPwNhl,grapefruit astronauts,Grapefruit Astronauts,Grapefruit Astronauts,1jA6wasaedUfXQrOPPwNhl
https://open.spotify.com/artist/1SQ5kDSYuCb4qOJx5itFxz,taking meds,Taking Meds,Taking Meds,1SQ5kDSYuCb4qOJx5itFxz
https://open.spotify.com/artist/27Q28eGvRiVWQANCrcJG34,dead soma,Dead Soma,Dead Soma,27Q28eGvRiVWQANCrcJG34
https://open.spotify.com/artist/59iJW8QarPpbSLWJVbsRoJ,fiends,Fiends,Fiends,59iJW8QarPpbSLWJVbsRoJ
https://open.spotify.com/artist/0iImCogzHXqhdHDb1f5p1j,heirs of hatred,Heirs of Hatred,Heirs of Hatred,0iImCogzHXqhdHDb1f5p1j
https://open.spotify.com/artist/2AQpX6cdbkpljOioz0f5v6,creak,Creak,Creak,2AQpX6cdbkpljOioz0f5v6
https://open.spotify.com/artist/1hTePDkXybBVyXtFRSqp4D,behold here's poison,Behold Here's Poison,Behold Here's Poison,1hTePDkXybBVyXtFRSqp4D
https://open.spotify.com/artist/45gTrJcFdq1HhxZjNlPEcM,kill devil hill,Kill Devil Hill,Kill Devil Hill,45gTrJcFdq1HhxZjNlPEcM
https://open.spotify.com/artist/6a82pdlhS6SsAq7HDUSZKN,julien-k,Julien-K,Julien-K,6a82pdlhS6SsAq7HDUSZKN
https://open.spotify.com/artist/6l8FgxcVWdqGn25uZY2rgY,arka'n asrafokor,ARKA'N ASRAFOKOR,ARKA'N ASRAFOKOR,6l8FgxcVWdqGn25uZY2rgY
https://open.spotify.com/artist/7rZrfvI4vvejRDgYoVoJF4,return to saturn,Return To Saturn,Return To Saturn,7rZrfvI4vvejRDgYoVoJF4
https://open.spotify.com/artist/01UG5IcUBSldYVRFLXeXrI,the great nothing,the great nothing,The Great Nothing,01UG5IcUBSldYVRFLXeXrI
https://open.spotify.com/artist/56yrkHXQrKsqrgwq5ZQrhR,neverbloom,neverbloom,neverbloom,56yrkHXQrKsqrgwq5ZQrhR
https://open.spotify.com/artist/1NN9iBfjr2X9Zu1gDLAxyK,imperial crystalline entombment i.c.e,Imperial Crystalline Entombment I.C.E,Imperial Crystalline Entombment I.C.E,1NN9iBfjr2X9Zu1gDLAxyK
https://open.spotify.com/artist/3C9YGkrBTmqdARKKzwv7Wc,poolside at the flamingo,Poolside at the Flamingo,Poolside at the Flamingo,3C9YGkrBTmqdARKKzwv7Wc
https://open.spotify.com/artist/2kavKsoT7WFOLNr3HFUPgG,vexatious,Vexatious,Vexatious,2kavKsoT7WFOLNr3HFUPgG
https://open.spotify.com/artist/0PCRapcpgp9JSte9Atwb83,tidebringer,Tidebringer,Tidebringer,0PCRapcpgp9JSte9Atwb83
https://open.spotify.com/artist/39D5OlLQpowYRI3C67iI1M,disobedient crew,DISOBEDIENT CREW,DISOBEDIENT CREW,39D5OlLQpowYRI3C67iI1M
https://open.spotify.com/artist/5bBtTiwIJr74BalZ28ZnUM,thra,Thra,Thra,3JysSUOyfVs1UQ0UaESheP
https://open.spotify.com/artist/2mdFEq7G55YeLWF9lJaW17,deadculture,Deadculture,Deadculture,2mdFEq7G55YeLWF9lJaW17
https://open.spotify.com/artist/79EFxNvEMMwRKD4ZYEgGFK,atlantic rift,Atlantic Rift,Atlantic Rift,79EFxNvEMMwRKD4ZYEgGFK
https://open.spotify.com/artist/1BEvNWHnWQQ7HbhSV6LckY,inhuman architects,Inhuman Architects,Inhuman Architects,1BEvNWHnWQQ7HbhSV6LckY
https://open.spotify.com/artist/0XmGOpXc3fU9wpX5iUVe13,sarea,Sarea,Sarea,0XmGOpXc3fU9wpX5iUVe13
https://open.spotify.com/artist/4GIyZ8aBc3t04EYYp2zb4v,hackedface,Hackedface,Hackedface,4GIyZ8aBc3t04EYYp2zb4v
https://open.spotify.com/artist/1UBc8Hb8c54RMdYT2cRonw,knights of the abyss,Knights Of The Abyss,Knights Of The Abyss,1UBc8Hb8c54RMdYT2cRonw
https://open.spotify.com/artist/3LFHyjJVhPiXE2miqWWJa9,wanted,WANTED,WANTED,1pMV9AQ4RDndrJlxjgJy71
https://open.spotify.com/artist/2NyQQFikJzPlPqlR9QbC4o,hard reset,Hard Reset,Hard Reset,2NyQQFikJzPlPqlR9QbC4o
https://open.spotify.com/artist/3dpDSmg1jDGvwMVQxhDYlw,aetherian,Aetherian,Aetherian,3dpDSmg1jDGvwMVQxhDYlw
https://open.spotify.com/artist/3ZkkruWoj5y5La6XfueJlM,spliced,SPLICED,SPLICED,3ZkkruWoj5y5La6XfueJlM
https://open.spotify.com/artist/6ixSMM0L2oeisMQAKxe36i,mom body,Mom Body,Mom Body,6ixSMM0L2oeisMQAKxe36i
https://open.spotify.com/artist/1hbLr4Qy0ArfxNvTYvgmLQ,a fitting end,A Fitting End,A Fitting End,1hbLr4Qy0ArfxNvTYvgmLQ
https://open.spotify.com/artist/3dSAGs1Kbj6Qse4de7hzyj,brandon mckagan,Brandon McKagan,Brandon McKagan,3dSAGs1Kbj6Qse4de7hzyj
https://open.spotify.com/artist/1u08Ha0U4ZDfmk1pynA7Ln,bare king,Bare King,Bare King,1u08Ha0U4ZDfmk1pynA7Ln
https://open.spotify.com/artist/3ZSt8Wvfw4BqGvQM1gr8mB,grotesqueries,Grotesqueries,Grotesqueries,3ZSt8Wvfw4BqGvQM1gr8mB
https://open.spotify.com/artist/099GY2lhhBjjs32KHTPGuf,chxeu,CHXEU,CHXEU,099GY2lhhBjjs32KHTPGuf
https://open.spotify.com/artist/73TD5iYs1dOBfdBhyPiTuV,dragged out,Dragged Out,Dragged Out,73TD5iYs1dOBfdBhyPiTuV
https://open.spotify.com/artist/0SclPISF5pHutoTooqCfFJ,star 99,Star 99,Star 99,0SclPISF5pHutoTooqCfFJ
https://open.spotify.com/search/9%2F11...%20only%20worse,,9/11... only worse,9/11... Only Worse,
https://open.spotify.com/artist/4DxusQrhwkEDAg0iznFfEB,,0%mercury,0%Mercury,
https://open.spotify.com/artist/20EZ98e0xIMIDZLSwWo3EF,,"forever, for now","Forever, for Now",
https://open.spotify.com/artist/5KO7kGiu934FGeYLxqGZT7,,dark reflection,Dark Reflection,
https://open.spotify.com/artist/2Zx7gOdSeToesLI2cDQnfd,,wither//bloom,Wither//Bloom,
https://open.spotify.com/artist/0riD4aDoOSnSbdkvO9zOeM,,inner space,INNER SPACE,